id_first,address,Nawrocki_first,Trzaskowski_first,id_second,Nawrocki_second,Trzaskowski_second
1404445,"Dom Ludowy, Krępnica 29A, 59-700 Bolesławiec",116,147,1467435,66,42
1404582,"Szkoła Podstawowa nr 12, ul. Mikołaja Gomółki 43, 67-200 Głogów",340,381,1467578,324,418
1404682,"Zespół Szkolno-Przedszkolny w Męcince, Męcinka 10B, 59-424 Męcinka",155,108,1467693,91,43
1404714,"Szkoła Podstawowa nr 2 im. Jana Pawła II w Piechowicach, ul. Tysiąclecia 28, 58-573 Piechowice",212,388,1467727,202,288
1405002,"Szkoła Podstawowa im. J. Pawła II w Smolniku, Smolnik 52, 59-820 Leśna",215,240,1468044,179,210
1405109,"Centrum Kultury i Biblioteka w Ścinawie, ul. Tadeusza Kościuszki 1, 59-330 Ścinawa",355,279,1468158,165,102
1405674,"Gminne Centrum Kultury i Sztuki w Trzebnicy, ul. Prusicka 12, 55-100 Trzebnica",158,210,1468762,145,112
1405752,"Biblioteka + Centrum Kultury w Czarnym Borze, ul. Sportowa 43, 58-379 Czarny Bór",242,271,1468822,168,163
1405981,"Szkoła Podstawowa nr 3, ul. Władysława Orkana 32, 57-200 Ząbkowice Śląskie",213,306,1469066,203,253
1406170,"Szkoła Podstawowa Nr 11, ul. Mieczysława Karłowicza 33, 58-506 Jelenia Góra",239,523,1469268,228,496
1406303,"Szkoła Podstawowa nr 1, ul. Nowowiejska 78, 50-315 Wrocław",229,394,1469417,182,386
1406306,"Szkoła Podstawowa nr 1, ul. Nowowiejska 78, 50-315 Wrocław",229,336,1469417,182,386
1406437,"Liceum Ogólnokształcące nr VI, ul. Hutnicza 45, 54-139 Wrocław",367,548,1469548,343,581
1406448,"Szkoła Podstawowa nr 5, ul. Jelenia 7, 54-242 Wrocław",297,721,1469561,277,681
1406490,"Liceum Ogólnokształcące nr XIV, al. Aleksandra Brücknera 10, 51-410 Wrocław",271,541,1469619,269,412
1406505,"Szkoła Podstawowa Nr 50, ul. Czeska 40, 51-112 Wrocław",279,497,1469615,199,356
1406556,"Zespół Szkół Muzycznych, ul. Piętnastolecia 24, 58-309 Wałbrzych",188,344,1469696,169,384
1406580,"Zespół Szkolno-Przedszkolny Nr 8, ul. Poznańska 8, 58-303 Wałbrzych",262,317,1469724,179,239
1406604,"Szkoła Podstawowa Nr 4 im. Jana Pawła II, ul. Strażacka 22, 87-700 Aleksandrów Kujawski",208,251,1469753,131,113
1406616,"Szkoła Podstawowa nr 3, ul. Wojska Polskiego 37, 87-720 Ciechocinek",494,702,1469765,347,472
1406699,"Zespół Szkół, ul. Fryderyka Chopina 1, 87-320 Górzno",231,141,1469859,153,46
1406759,"Zespół Szkół im. Mariana Rejewskiego w Ostromecku, Ostromecko ul. Szkolna 1, 86-070 Dąbrowa Chełmińska",139,192,1469914,133,192
1406882,"Zespół Szkolno-Przedszkolny, ul. Toruńska 16, 86-230 Lisewo",203,257,1470046,111,44
1407250,"Szkoła Podstawowa im. Powstańców Wielkopolskich w Wójcinie, Wójcin 59, 88-324 Jeziora Wielkie",209,122,1470423,178,83
1407255,"Zespół Szkolno-Przedszkolny w Mogilnie, ul. Powstańców Wlkp. 33, 88-300 Mogilno",194,364,1470444,193,234
1407332,"Zespół Szkolno-Przedszkolny, Paterek ul. Kcyńska 6a, 89-100 Nakło nad Notecią",178,220,1470506,57,41
1407335,"Zespół Szkolno-Przedszkolny, ul. Dworcowa 9, 89-121 Ślesin",208,222,1470511,102,68
1407348,"Zespół Szkolno-Przedszkolny, Paterek ul. Kcyńska 6a, 89-100 Nakło nad Notecią",162,233,1470506,57,41
1407449,"Zespół Szkół Nr 2, ul. Dworcowa 11, 87-500 Rypin",199,145,1470632,191,259
1407631,"Szkoła Podstawowa, Gruczno ul. Chełmińska 5, 86-105 Świecie",193,189,1470821,122,94
1407782,"Tucholski Ośrodek Kultury, ul. Plac Zamkowy 8, 89-500 Tuchola",190,195,1470995,132,98
1407870,"Szkoła Podstawowa im. Tadeusza Kościuszki w Chodczu, ul. Waryńskiego 20, 87-860 Chodecz",182,170,1471073,163,182
1407870,"Szkoła Podstawowa im. Tadeusza Kościuszki w Chodczu, ul. Waryńskiego 20, 87-860 Chodecz",182,170,1471076,150,82
1407886,"Zespół Szkół w Izbicy Kujawskiej, ul. Nowomiejska 5, 87-865 Izbica Kujawska",362,111,1471091,237,162
1407963,"Miejsko-Gminny Ośrodek Kultury, ul. Powstańców Wielkopolskich 16, 88-430 Janowiec Wielkopolski",153,166,1471166,120,142
1408033,"Szkoła Podstawowa nr 10, ul. Śląska 7, 85-235 Bydgoszcz",219,335,1471237,195,366
1408051,"Szkoła Podstawowa nr 15, ul. Czerkaska 8, 85-641 Bydgoszcz",202,453,1471253,158,365
1408061,"XI Liceum Ogólnokształcące Mistrzostwa Sportowego, ul. Cicha 59, 85-650 Bydgoszcz",194,515,1471265,174,432
1408072,"Szkoła Podstawowa nr 32, ul. Bałtycka 59, 85-707 Bydgoszcz",252,525,1471274,208,471
1408073,"Zespół Szkół Handlowych, ul. Gajowa 94, 85-717 Bydgoszcz",199,353,1471264,196,443
1408074,"Zespół Szkół Handlowych, ul. Gajowa 94, 85-717 Bydgoszcz",212,366,1471264,196,443
1408075,"Zespół Szkół Handlowych, ul. Gajowa 94, 85-717 Bydgoszcz",199,383,1471264,196,443
1408086,"Szkoła Podstawowa nr 66, ul. gen. Augusta Emila Fieldorfa ""Nila"" 3, 85-796 Bydgoszcz",235,761,1471286,189,461
1408087,"Szkoła Podstawowa nr 66, ul. gen. Augusta Emila Fieldorfa ""Nila"" 3, 85-796 Bydgoszcz",200,479,1471286,189,461
1408088,"Zespół Szkół nr 5 Mistrzostwa Sportowego, ul. gen. Augusta Emila Fieldorfa ""Nila"" 13, 85-796 Bydgoszcz",343,715,1471285,315,620
1408088,"Zespół Szkół nr 5 Mistrzostwa Sportowego, ul. gen. Augusta Emila Fieldorfa ""Nila"" 13, 85-796 Bydgoszcz",343,715,1471287,226,401
1408089,"Szkoła Podstawowa nr 17, ul. gen. Augusta Emila Fieldorfa ""Nila"" 17, 85-796 Bydgoszcz",188,341,1471289,148,285
1408094,"Szkoła Podstawowa nr 65, ul. Tomasza Golloba 7, 85-791 Bydgoszcz",247,419,1471302,185,318
1408095,"Szkoła Podstawowa nr 65, ul. Tomasza Golloba 7, 85-791 Bydgoszcz",202,332,1471302,185,318
1408096,"Szkoła Podstawowa nr 65, ul. Tomasza Golloba 7, 85-791 Bydgoszcz",194,381,1471302,185,318
1408098,"Szkoła Podstawowa nr 67, ul. Marcina Kromera 11, 85-790 Bydgoszcz",258,389,1471305,244,319
1408098,"Szkoła Podstawowa nr 67, ul. Marcina Kromera 11, 85-790 Bydgoszcz",258,389,1471308,244,435
1408098,"Szkoła Podstawowa nr 67, ul. Marcina Kromera 11, 85-790 Bydgoszcz",258,389,1471310,219,404
1408098,"Szkoła Podstawowa nr 67, ul. Marcina Kromera 11, 85-790 Bydgoszcz",258,389,1471315,223,358
1408099,"Szkoła Podstawowa nr 67, ul. Marcina Kromera 11, 85-790 Bydgoszcz",254,526,1471305,244,319
1408099,"Szkoła Podstawowa nr 67, ul. Marcina Kromera 11, 85-790 Bydgoszcz",254,526,1471308,244,435
1408099,"Szkoła Podstawowa nr 67, ul. Marcina Kromera 11, 85-790 Bydgoszcz",254,526,1471310,219,404
1408099,"Szkoła Podstawowa nr 67, ul. Marcina Kromera 11, 85-790 Bydgoszcz",254,526,1471315,223,358
1408101,"Szkoła Podstawowa nr 67, ul. Marcina Kromera 11, 85-790 Bydgoszcz",232,441,1471310,219,404
1408101,"Szkoła Podstawowa nr 67, ul. Marcina Kromera 11, 85-790 Bydgoszcz",232,441,1471315,223,358
1408102,"Szkoła Podstawowa nr 67, ul. Marcina Kromera 11, 85-790 Bydgoszcz",230,516,1471310,219,404
1408102,"Szkoła Podstawowa nr 67, ul. Marcina Kromera 11, 85-790 Bydgoszcz",230,516,1471315,223,358
1408107,"Szkoła Podstawowa nr 27, ul. Sielska 34, 85-790 Bydgoszcz",169,329,1471311,166,419
1408107,"Szkoła Podstawowa nr 27, ul. Sielska 34, 85-790 Bydgoszcz",169,329,1471322,98,68
1408109,"Zespół Szkolno-Przedszkolny nr 4, ul. Wyzwolenia 4, 85-790 Bydgoszcz",320,507,1471316,312,474
1408116,"Szkoła Podstawowa nr 27, ul. Sielska 34, 85-790 Bydgoszcz",168,426,1471311,166,419
1408116,"Szkoła Podstawowa nr 27, ul. Sielska 34, 85-790 Bydgoszcz",168,426,1471322,98,68
1408118,"Zespół Szkół nr 7, ul. Ludwika Waryńskiego 1, 85-320 Bydgoszcz",198,454,1471326,197,452
1408132,"K. S. ""Gwiazda"", ul. Józefa Bronikowskiego 45, 85-350 Bydgoszcz",280,532,1471243,235,374
1408143,"Szkoła Podstawowa nr 63, ul. Seweryna Goszczyńskiego 3, 85-134 Bydgoszcz",255,503,1471352,172,359
1408144,"Szkoła Podstawowa nr 63, ul. Seweryna Goszczyńskiego 3, 85-134 Bydgoszcz",243,646,1471352,172,359
1408148,"Szkoła Podstawowa nr 63, ul. Seweryna Goszczyńskiego 3, 85-134 Bydgoszcz",210,440,1471352,172,359
1408155,"Szkoła Podstawowa nr 12, ul. Kcyńska 49, 85-304 Bydgoszcz",301,785,1471359,221,576
1408159,"Szkoła Podstawowa nr 56, ul. Karpacka 30, 85-164 Bydgoszcz",242,518,1471363,123,306
1408160,"Szkoła Podstawowa nr 56, ul. Karpacka 30, 85-164 Bydgoszcz",253,476,1471363,123,306
1408161,"Szkoła Podstawowa nr 56, ul. Karpacka 30, 85-164 Bydgoszcz",203,464,1471363,123,306
1408162,"Szkoła Podstawowa nr 56, ul. Karpacka 30, 85-164 Bydgoszcz",222,460,1471363,123,306
1408163,"Szkoła Podstawowa nr 56, ul. Karpacka 30, 85-164 Bydgoszcz",236,540,1471363,123,306
1408282,"Szkoła Podstawowa Nr 18, ul. Kardynała Stefana Wyszyńskiego 1/5, 87-100 Toruń",306,415,1471508,297,430
1408313,"Szkoła Podstawowa nr 5, ul. Żwirki i Wigury 1, 87-100 Toruń",355,579,1471542,105,346
1408314,"Szkoła Podstawowa nr 5, ul. Żwirki i Wigury 1, 87-100 Toruń",220,406,1471542,105,346
1408319,"I Liceum Ogólnokształcące, ul. Zaułek Prosowy 1, 87-100 Toruń",92,130,1471547,88,133
1408361,"Szkoła Podstawowa Nr 8, ul. Ignacego Łyskowskiego 28, 87-100 Toruń",235,444,1471596,135,346
1408367,"Szkoła Podstawowa Nr 8, ul. Ignacego Łyskowskiego 28, 87-100 Toruń",195,352,1471596,135,346
1408889,"Gminne Centrum Kultury i Promocji w Godziszowie, Godziszów Trzeci 124A, 23-302 Godziszów",756,22,1472148,191,60
1408898,"Liceum Ogólnokształcące im. Bohaterów Porytowego Wzgórza, ul. Jana Pawła II 1, 23-300 Janów Lubelski",665,228,1472157,57,372
1409152,"Szkoła Podstawowa, Łucka-Kolonia 125, 21-100 Lubartów",242,152,1472420,103,58
1409152,"Szkoła Podstawowa, Łucka-Kolonia 125, 21-100 Lubartów",242,152,1472422,208,72
1409153,"Szkoła Podstawowa, Łucka-Kolonia 125, 21-100 Lubartów",108,30,1472420,103,58
1409223,"Urząd Miejski (sala konferencyjna), ul. Marszałka Józefa Piłsudskiego 22, 23-100 Bychawa",174,89,1472494,163,260
1409250,"Szkoła Podstawowa, Kalinówka 78, 21-040 Świdnik",481,641,1472522,71,139
1409287,"Szkoła Podstawowa, ul. Lubelska 21A, 24-220 Niedrzwica Duża",420,204,1472560,16,498
1409288,"Szkoła Podstawowa, ul. Lubelska 21A, 24-220 Niedrzwica Duża",527,238,1472560,16,498
1409301,"Lokal Szkoły Podstawowej w Niemcach, ul. Szkolna 23, 21-025 Niemce",515,319,1472573,2,568
1409305,"Lokal Szkoły Podstawowej w Krasieninie-Kolonii, Krasienin-Kolonia 39, 21-025 Niemce",619,260,1472577,172,465
1409330,"Gminna Biblioteka Publiczna-Filia Turka, ul. Konwaliowa 3, 20-258 Turka",424,540,1472603,53,1
1409731,"Zespół Szkolno-Przedszkolny, ul. Zamkowa 4, 24-160 Wąwolnica",414,108,1473022,401,86
1409823,"Szkoła Podstawowa Nr 2, ul. 1-go Maja 3, 08-530 Dęblin",172,142,1473128,69,50
1409827,"Szkoła Podstawowa Nr 2, ul. 1-go Maja 3, 08-530 Dęblin",172,136,1473128,69,50
1409937,"Była Szkoła Podstawowa w Woli Piaseckiej, Wola Piasecka 54, 21-050 Piaski",169,55,1473246,149,49
1409958,"Zespół Placówek Oświatowych w Trawnikach, Trawniki 606, 21-044 Trawniki",510,212,1473258,251,143
1409975,"Samorządowy Ośrodek Kultury w Jarczowie, ul. Józefa Piłsudskiego 2A, 22-664 Jarczów",168,54,1473279,85,21
1410054,"Zespół Szkolno-Przedszkolny w Tyszowcach, ul. Kościelna 25, 22-630 Tyszowce",266,56,1473353,258,147
1410235,"Zespół Szkoły Podstawowej i Przedszkola, Kalinowice 148A, 22-400 Zamość",373,308,1473560,342,140
1410239,"Szkoła Podstawowa, Sitaniec 422, 22-400 Zamość",400,225,1473559,276,88
1410276,"Szkoła Podstawowa nr 4, ul. Stanisława Moniuszki 36, 21-500 Biała Podlaska",474,382,1473588,67,689
1410280,"Firma Dariusz Głowacki ""DAGO"", ul. Grzybowa 52B, 21-500 Biała Podlaska",551,354,1473592,37,607
1410353,"Szkoła Podstawowa nr 7 im. ks. Jana Twardowskiego, ul. Plażowa 9, 20-620 Lublin",154,215,1473668,150,231
1410367,"Dzielnicowy Dom Kultury „Węglin”, ul. Judyma 2a, 20-716 Lublin",300,272,1473682,265,343
1410387,"Szkoła Podstawowa nr 38 im. Henryka Sienkiewicza, ul. Pana Wołodyjowskiego 13, 20-627 Lublin",363,441,1473701,294,432
1410400,"Szkoła Podstawowa nr 50 im. Kardynała Stefana Wyszyńskiego, ul. Roztocze 14, 20-722 Lublin",349,513,1473715,321,377
1410460,"Zespół Szkół Ogólnokształcących nr 4 im. Orląt Lwowskich, ul. Kazimierza Tumidajskiego 6a, 20-137 Lublin",443,378,1473772,309,331
1410479,"Szkoła Podstawowa nr 48 im. Józefa Piłsudskiego, ul. Jana Kasprowicza 112, 20-232 Lublin",304,155,1473766,238,111
1410623,"Szkoła Podstawowa nr 3 z Oddziałami Integracyjnymi, ul. Kresowa 48, 66-620 Gubin",253,604,1473972,177,436
1410746,"Szkoła Podstawowa Nr 3, ul. Botaniczna 22, 67-100 Nowa Sól",346,566,1474098,300,392
1410851,"Szkoła Podstawowa nr 3, im. Henryka Sienkiewicza w Drezdenku, ul. Portowa 1, 66-530 Drezdenko",175,180,1474211,98,123
1410855,"Hala Sportowo-Rehabilitacyjna w Drezdenku, ul. Konopnickiej 4, 66-530 Drezdenko",259,398,1474210,241,290
1411170,"Szkoła Podstawowa nr 8, ul. Partyzantów 9, 68-200 Żary",227,501,1474527,225,411
1411287,"Zespół Szkół Ogólnokształcących nr 16, ul. Ksawerego Dunikowskiego 5, 66-400 Gorzów Wielkopolski",307,515,1474658,272,479
1411350,"Centrum Kształcenia Zawodowego i Ustawicznego nr 3 „Ekonomik”, ul. Długa 5, 65-401 Zielona Góra",195,505,1474776,194,442
1411441,"Zespół Szkolno-Przedszkolny w Dobrzelowie, ul. Górna 7, 97-400 Bełchatów",616,264,1474824,103,539
1411486,"Szkoła Podstawowa Nr 2, ul. Tadeusza Kościuszki 40/42, 97-425 Zelów",343,165,1474870,242,149
1411498,"Szkoła Podstawowa Nr 1 im. Tadeusza Kościuszki w Kutnie, ul. Kanclerza Andrzeja Zamoyskiego 1, 99-300 Kutno",357,387,1474887,268,243
1411530,"Szkoła Podstawowa im. gen. Władysława Andersa w Nowem, Nowe 36, 99-340 Krośniewice",225,63,1474923,201,57
1411571,"Budynek OSP w Grzeszynie, Grzeszyn 6A, 98-113 Buczek",105,39,1474968,82,42
1411653,"Szkoła Podstawowa, Leźnica Mała 36, 99-100 Łęczyca",234,95,1475052,212,63
1411770,"Filia Szkoły Podstawowej w Kurowicach z/s w Woli Rakowej, Wola Rakowa ul. Szkolna 3, 95-006 Brójce",312,151,1475175,132,51
1411807,"Szkoła Podstawowa im. Jana Długosza w Rzgowie, ul. Szkolna 3, 95-030 Rzgów",441,388,1475214,381,371
1411811,"Szkoła Podstawowa im. Kornela Makuszyńskiego w Guzewie, Guzew ul. Edukacyjna 6, 95-030 Rzgów",178,133,1475221,96,69
1411904,"Szkoła Podstawowa w Paradyżu, ul. Przedborska 29, 26-333 Paradyż",441,43,1475311,320,113
1411941,"Przedszkole nr 3 BAJKA w Konstantynowie Łódzkim, ul. Lutomierska 4, 95-050 Konstantynów Łódzki",236,291,1475351,139,234
1411949,"Szkoła Podstawowa nr 5 im. Grzegorza Piramowicza, ul. Zamkowa 65, 95-200 Pabianice",308,445,1475356,258,373
1411969,"Dom Kultury w Dłutowie, ul. Polna 3, 95-081 Dłutów",223,124,1475386,211,159
1411986,"Zespół Szkolno-Przedszkolny w Lutomiersku, ul. marszałka J. Piłsudskiego 1, 95-083 Lutomiersk",271,486,1475406,256,378
1412044,"Zespół Szkolno-Przedszkolny w Czarnocinie, ul. Główna 134, 97-318 Czarnocin",254,166,1475465,182,92
1412137,"Liceum Ogólnokształcące im. Marii Konopnickiej w Poddębicach, ul. Łęczycka 13/15, 99-200 Poddębice",174,179,1475566,159,294
1412160,"Miejskie Przedszkole w Uniejowie, ul. Targowa 19, 99-210 Uniejów",364,275,1475587,229,59
1412343,"Szkoła Podstawowa w Błaszkach, ul. Pomorska 6, 98-235 Błaszki",424,148,1475790,297,154
1412420,"Szkoła Podstawowa w Wysokienicach, Wysokienice 32, 96-130 Głuchów",751,50,1475864,183,136
1412478,"Zespół Szkolno-Przedszkolny w Będkowie, ul. Władysława Stanisława Reymonta 11, 97-319 Będków",372,84,1475927,355,170
1412579,"Zespół Szkół Samorządowych im. Króla Wł. Jagiełły w Dzietrznikach, Dzietrzniki 105, 98-335 Pątnów",271,61,1476032,128,66
1412753,"Szkoła Podstawowa Nr 5, ul. 1 Maja 63, 95-100 Zgierz",255,514,1476216,207,345
1412766,"Zespół Szkół Nr 1 im. Jakuba Stefana Cezaka, ul. Długa 89/91, 95-100 Zgierz",272,394,1476209,240,370
1412773,"Szkoła Podstawowa nr 4 im. Marii Skłodowskiej-Curie w Aleksandrowie Łódzkim, al. Wyzwolenia 3, 95-070 Aleksandrów Łódzki",356,443,1476247,312,451
1412879,"Szkoła Podstawowa nr 71 im. Henryka Sienkiewicza, ul. Rojna 58C, 91-134 Łódź",392,872,1476355,312,693
1412888,"Szkoła Podstawowa nr 182 im. Tadeusza Zawadzkiego ""Zośki"", ul. Łanowa 16, 91-103 Łódź",331,673,1476362,273,502
1412897,"XLII Liceum Ogólnokształcące im. Ireny Sendlerowej, ul. Stawowa 28, 91-358 Łódź",402,880,1476371,300,847
1413004,"Zespół Szkół Ekonomii i Usług, ul. Astronautów 19, 93-533 Łódź",262,483,1476476,261,429
1413016,"Szkoła Podstawowa nr 130 im. Marszałka Józefa Piłsudskiego, ul. Gościniec 1, 93-645 Łódź",507,553,1476453,278,387
1413030,"Szkoła Podstawowa nr 160 im. Powstańców Śląskich, ul. Andrzeja Struga 24A, 90-513 Łódź",86,177,1476503,53,397
1413031,"Szkoła Podstawowa nr 160 im. Powstańców Śląskich, ul. Andrzeja Struga 24A, 90-513 Łódź",145,216,1476503,53,397
1413055,"Szkoła Podstawowa nr 137 im. Aleksandra Kamińskiego, ul. Olimpijska 9, 94-043 Łódź",400,847,1476535,268,620
1413076,"Szkoła Podstawowa nr 14 im. Józefa Lompy, ul. inż. pilota Wigury 8/10, 90-301 Łódź",186,466,1476550,166,445
1413082,"Miejski Ośrodek Pomocy Społecznej w Łodzi, ul. Jana Kilińskiego 102/102a, 90-012 Łódź",130,242,1476554,50,87
1413084,"Związek Młodzieży Chrześcijańskiej Polska YMCA Ognisko w Łodzi, ul. Stanisława Moniuszki 4A, 90-111 Łódź",225,409,1476556,158,278
1413199,"Szkoła Podstawowa Nr 9, ul. Kazimierza Przerwy-Tetmajera 7, 96-100 Skierniewice",331,399,1476723,314,423
1413265,"Publiczna Szkoła Podstawowa im. św. Jana Pawła II w Rajbrocie, Rajbrot 362, 32-725 Rajbrot",658,69,1476788,100,116
1413273,"Remiza OSP, Królówka 315, 32-722 Królówka",769,52,1476796,163,123
1413274,"Przedszkole w Nowym Wiśniczu, ul. Kościelna 2, 32-720 Nowy Wiśnicz",655,326,1476797,71,545
1413274,"Przedszkole w Nowym Wiśniczu, ul. Kościelna 2, 32-720 Nowy Wiśnicz",655,326,1476803,134,403
1413277,"Szkoła Podstawowa im. Jana Pawła II w Starym Wiśniczu, Stary Wiśnicz 480, 32-720 Nowy Wiśnicz",829,183,1476800,448,402
1413280,"Przedszkole w Nowym Wiśniczu, ul. Kościelna 2, 32-720 Nowy Wiśnicz",641,208,1476797,71,545
1413280,"Przedszkole w Nowym Wiśniczu, ul. Kościelna 2, 32-720 Nowy Wiśnicz",641,208,1476803,134,403
1413281,"Gminne Centrum Kultury, Czytelnictwa i Sportu w Rzezawie, budynek biblioteki w Rzezawie, ul. Kościelna 6, 32-765 Rzezawa",702,219,1476805,210,431
1413303,"Hala Sportowa w Borzęcinie Górnym, Borzęcin 563, 32-825 Borzęcin",565,135,1476827,90,206
1413318,"Publiczna Szkoła Podstawowa, Jasień ul. Zielna 1, 32-800 Brzesko",700,317,1476843,210,560
1413321,"Dom Ludowy, ul. Krakowska 98, 32-851 Jadowniki",683,275,1476846,176,461
1413324,"Publiczna Szkoła Podstawowa, Mokrzyska ul. Wiślana 47, 32-800 Brzesko",612,224,1476849,94,387
1413349,"Publiczna Szkoła Podstawowa, Gnojnik 336, 32-864 Gnojnik",653,128,1476878,200,234
1413401,"Miejskie Centrum Kultury i Sztuki w Chrzanowie, ul. Władysława Broniewskiego 4, 32-500 Chrzanów",226,295,1476923,216,323
1413406,"Szkoła Podstawowa Nr 10 w Chrzanowie, ul. Kardynała Stefana Wyszyńskiego 19, 32-500 Chrzanów",182,314,1476936,155,281
1413425,"Miejskie Centrum Medyczne w Libiążu, ul. 9 Maja 2, 32-590 Libiąż",330,352,1476961,188,217
1413432,"Szkoła Podstawowa Nr 2 w Libiążu, pl. Plac Zwycięstwa 2, 32-590 Libiąż",320,350,1476955,283,151
1413504,"Zespół Szkolno-Przedszkolny w Radgoszczy, pl. św. Kazimierza 10, 33-207 Radgoszcz",620,72,1477042,0,125
1413546,"Zespół Szkolno – Przedszkolny, Libusza 679, 38-306 Libusza",694,256,1477087,221,418
1413552,"Zespół Szkół Ogólnokształcących, ul. Długoszowskich 1, 38-350 Bobowa",756,213,1477093,249,387
1413582,"Szkoła Podstawowa im. Księdza Stanisława Pękali, Szalowa 16, 38-331 Szalowa",373,53,1477124,331,46
1413627,"Gminne Centrum Edukacji w Igołomi (przedszkole samorządowe w Igołomi), Igołomia 252, 32-125 Wawrzeńczyce",234,100,1477171,197,78
1413654,"Dom Ludowy w Przegini, Przeginia 116a, 32-049 Przeginia",646,110,1477197,85,278
1413683,"Szkoła Podstawowa Nr 1 w Krzeszowicach, ul. Długa 22, 32-065 Krzeszowice",260,322,1477224,243,367
1413812,"Gminny Ośrodek Kultury i Sportu w Wielkiej Wsi z siedzibą w Białym Kościele, ul. Królowej Jadwigi 4, 32-089 Biały Kościół",260,159,1477360,108,69
1413873,"Szkoła Podstawowa Nr 2, ul. Józefa Piłsudskiego 91, 34-600 Limanowa",281,87,1477425,267,137
1413876,"Zespół Szkolno – Przedszkolny Nr 1, ul. Marii Konopnickiej 4, 34-600 Limanowa",453,161,1477423,291,194
1413908,"Szkoła Podstawowa Nr 1, Kamienica 490, 34-608 Kamienica",638,95,1477466,7,170
1413923,"Szkoła Podstawowa Nr 1 im. Bohaterów Westerplatte, Stara Wieś 549, 34-600 Limanowa",766,116,1477480,276,245
1413927,"Szkoła Podstawowa im. Stanisława Wyspiańskiego, Mordarka 204, 34-600 Limanowa",762,160,1477484,267,310
1413929,"Szkoła Podstawowa Nr 1 im. Jana Pawła II, Męcina 530, 34-654 Męcina",644,206,1477486,23,347
1413943,"Szkoła Podstawowa, Łukowica 285, 34-606 Łukowica",707,106,1477500,101,207
1413945,"Świetlica Wiejska, Przyszowa 605, 34-604 Przyszowa",703,136,1477502,143,258
1413955,"Szkoła Podstawowa Nr 1, Lubomierz 345, 34-736 Lubomierz",718,50,1477512,51,97
1413962,"Zespół Placówek Oświatowych, Konina 211, 34-735 Niedźwiedź",612,37,1477521,44,72
1414002,"Szkoła Podstawowa Nr 1 w Kozłowie, Kozłów 303, 32-241 Kozłów",236,68,1477566,147,36
1414065,"Szkoła Podstawowa w Stadnikach, Stadniki 148, 32-410 Dobczyce",205,27,1477638,204,82
1414078,"Szkoła Podstawowa w Tenczynie, Tenczyn 171, 32-433 Lubień",694,90,1477645,197,165
1414080,"Szkoła Podstawowa w Skomielnej Białej, Skomielna Biała 1, 32-434 Skomielna Biała",748,180,1477647,234,328
1414093,"Szkoła Podstawowa w Jaworniku, Jawornik 293, 32-400 Myślenice",755,292,1477661,334,601
1414095,"Zespół Placówek Oświatowych w Głogoczowie, Głogoczów 297, 32-444 Głogoczów",673,335,1477663,212,639
1414096,"Szkoła Podstawowa w Krzyszkowicach, Krzyszkowice 368, 32-445 Krzyszkowice",665,253,1477664,199,467
1414111,"Szkoła Podstawowa w Trzebuni, Trzebunia 444, 32-438 Trzebunia",643,155,1477685,47,294
1414139,"Zespół Placówek Oświatowych w Krzczonowie, Krzczonów 82, 32-435 Krzczonów",751,149,1477714,247,270
1414141,"Szkoła Podstawowa Nr 1 w Tokarni, Tokarnia 379, 32-436 Tokarnia",625,130,1477716,19,228
1414151,"Gminny Ośrodek Kultury i Sportu w Wiśniowej, Wiśniowa 320, 32-412 Wiśniowa",612,135,1477726,51,251
1414159,"Szkoła Podstawowa, Marcinkowice 132, 33-393 Marcinkowice",426,99,1477754,247,59
1414164,"Szkoła Podstawowa, Paszyn 410, 33-326 Mogilno",462,66,1477756,387,65
1414173,"Szkoła Podstawowa, Wielogłowy 56, 33-311 Wielogłowy",350,97,1477737,337,40
1414178,"Szkoła Podstawowa, Trzetrzewina 193, 33-395 Chełmiec",546,46,1477733,281,48
1414185,"Szkoła Podstawowa im. Jana Pawła II, Podole-Górowa 158, 33-318 Gródek nad Dunajcem",380,59,1477768,344,41
1414192,"Zespół Szkolno – Przedszkolny, Biała Niżna 495, 33-330 Grybów",765,147,1477770,269,259
1414197,"Zespół Szkolno – Przedszkolny, Kąclowa 280, 33-330 Grybów",862,40,1477775,317,73
1414202,"Dom Kultury, Siołkowa 35, 33-330 Grybów",656,78,1477780,92,135
1414204,"Zespół Szkolno – Przedszkolny, Stróże 396, 33-331 Stróże",611,224,1477782,70,367
1414217,"Urząd Gminy, Korzenna 325, 33-322 Korzenna",720,89,1477795,225,225
1414260,"Szkoła Podstawowa, Zagorzyn 172, 33-390 Łącko",672,61,1477840,75,110
1414265,"Zespół Szkolno – Przedszkolny, Łącko 284, 33-390 Łącko",501,156,1477841,329,91
1414270,"Szkoła Podstawowa im. mjra pil. Jerzego Iszkowskiego, ul. św. Floriana 20, 33-312 Tęgoborze",765,123,1477850,203,253
1414270,"Szkoła Podstawowa im. mjra pil. Jerzego Iszkowskiego, ul. św. Floriana 20, 33-312 Tęgoborze",765,123,1477851,576,63
1414271,"Szkoła Podstawowa im. mjra pil. Jerzego Iszkowskiego, ul. św. Floriana 20, 33-312 Tęgoborze",387,31,1477850,203,253
1414310,"Szkoła Podstawowa, Brzezna 447, 33-386 Podegrodzie",784,140,1477891,254,278
1414328,"Szkoła Podstawowa Nr 1, ul. Mickiewicza 59, 33-340 Stary Sącz",725,288,1477909,136,461
1414330,"Szkoła Podstawowa, Gołkowice Górne 65, 33-388 Gołkowice Dolne",631,131,1477911,77,212
1414332,"Szkoła Podstawowa, ul. Mariana Cyconia 3, 33-342 Barcice",734,208,1477913,127,319
1414332,"Szkoła Podstawowa, ul. Mariana Cyconia 3, 33-342 Barcice",734,208,1477918,191,12
1414337,"Szkoła Podstawowa, ul. Mariana Cyconia 3, 33-342 Barcice",151,0,1477913,127,319
1414391,"Gminna Hala Sportowo – Widowiskowa, ul. Szkolna 2, 34-436 Maniowy",338,121,1477973,219,87
1414398,"Szkoła Podstawowa Nr 1, ul. Piusa Jabłońskiego 4, 34-480 Jabłonka",688,97,1477982,241,211
1414398,"Szkoła Podstawowa Nr 1, ul. Piusa Jabłońskiego 4, 34-480 Jabłonka",688,97,1477983,659,201
1414399,"Szkoła Podstawowa Nr 1, ul. Piusa Jabłońskiego 4, 34-480 Jabłonka",335,124,1477982,241,211
1414400,"Szkoła Podstawowa Nr 2, Lipnica Mała 346, 34-482 Lipnica Mała",607,57,1477984,134,126
1414400,"Szkoła Podstawowa Nr 2, Lipnica Mała 346, 34-482 Lipnica Mała",607,57,1477990,581,33
1414402,"Remiza OSP, Podwilk 289A, 34-722 Podwilk",717,52,1477986,203,113
1414406,"Szkoła Podstawowa Nr 2, Lipnica Mała 346, 34-482 Lipnica Mała",344,22,1477984,134,126
1414450,"Szkoła Podstawowa im. Jana Pawła II w Ochotnicy Dolnej – Centrum, Ochotnica Dolna 105, 34-452 Ochotnica Dolna",698,111,1478034,84,185
1414452,"Budynek Wiejskiego Ośrodka Kultury, os. Osiedle Kozielce 297, 34-451 Tylmanowa",870,149,1478036,375,280
1414460,"Szkoła Podstawowa Nr 1, Skawa 584A, 34-713 Skawa",591,172,1478044,71,290
1414572,"Zespół Szkolno-Przedszkolny w Wolbromiu, os. Władysława Łokietka 10, 32-340 Wolbrom",330,246,1478169,320,253
1414770,"Szkoła Podstawowa, ul. Kolejowa 7, 34-240 Jordanów",318,157,1478378,177,147
1414771,"Szkoła Podstawowa, ul. Kolejowa 7, 34-240 Jordanów",264,124,1478378,177,147
1414781,"Szkoła Podstawowa Nr 1, Budzów 553, 34-211 Budzów",558,226,1478387,39,410
1414790,"Zespół Szkolno – Przedszkolny, Łętownia 286, 34-242 Łętownia",702,162,1478396,233,314
1414801,"Szkoła Podstawowa, Juszczyn 268, 34-231 Juszczyn",686,117,1478408,139,181
1414809,"Zespół Szkoły i Schroniska Młodzieżowego, Stryszawa 400A, 34-205 Stryszawa",666,225,1478419,86,360
1414848,"Gminne Przedszkole, ul. Stefana Jaracza 1, 33-140 Lisia Góra",502,128,1478469,371,205
1414865,"Szkoła Podstawowa w Pleśnej, Pleśna 228, 33-171 Pleśna",260,133,1478476,255,120
1414895,"Remiza Ochotniczej Straży Pożarnej w Olszynach, Olszyny 552, 33-164 Olszyny",700,65,1478505,110,127
1414918,"Szkoła Podstawowa, Zbylitowska Góra ul. św. Floriana 1, 33-113 Zgłobice",664,322,1478528,76,563
1414993,"Budynek KOS Łęg Tarnowski, ul. Witosa 187A, 33-131 Łęg Tarnowski",624,203,1478609,51,369
1415009,"Dom Kultury w Ołpinach, Ołpiny 86, 38-247 Ołpiny",615,87,1478627,25,171
1415031,"Szkoła Podstawowa Nr 5, ul. Nowotarska 42, 34-500 Zakopane",359,267,1478638,344,378
1415042,"Szkoła Podstawowa, ul. Środkowa 184, 34-405 Białka Tatrzańska",583,169,1478665,21,435
1415059,"Zespół Szkolno – Przedszkolny, ul. św. Anny 1/3, 34-521 Ząb",512,119,1478682,26,192
1415105,"Zespół Szkół nr 3 w Przytkowicach, Przytkowice 542, 34-141 Przytkowice",541,228,1478729,38,451
1415131,"Zespół Szkolno-Przedszkolny w Stroniu, Stronie 67, 34-145 Stronie",231,99,1478757,142,30
1415155,"Zespół Szkół Publicznych w Kleczy Dolnej, Klecza Dolna ul. Krakowska 234, 34-124 Klecza Górna",439,322,1478781,307,150
1415222,"Zespół Szkół im. Ojca Świętego Jana Pawła II w Niepołomicach, pl. Plac Kazimierza Wielkiego 1, 32-005 Niepołomice",347,470,1478868,315,328
1415347,"Szkoła Podstawowa Nr 95, ul. Wileńska 9b, 31-413 Kraków",266,452,1478934,251,576
1415356,"Zespół Szkolno-Przedszkolny Nr 16, ul. Józefa Mackiewicza 15, 31-214 Kraków",248,494,1478989,220,566
1415360,"Zespół Szkolno-Przedszkolny Nr 16, ul. Józefa Mackiewicza 15, 31-214 Kraków",308,480,1478989,220,566
1415374,"Zespół Szkolno-Przedszkolny Nr 14, ul. Stawowa 179, 31-346 Kraków",328,677,1479006,132,540
1415375,"Zespół Szkolno-Przedszkolny Nr 14, ul. Stawowa 179, 31-346 Kraków",218,550,1479006,132,540
1415445,"Zespół Szkolno-Przedszkolny Nr 7, ul. Skotnicka 86, 30-394 Kraków",268,541,1479078,252,582
1415711,"Szkoła Podstawowa Nr 20 z Oddziałami Integracyjnymi, ul. Nadbrzeżna 77, 33-300 Nowy Sącz",459,317,1479388,317,208
1415722,"Szkoła Podstawowa Nr 15, ul. 29 Listopada 22, 33-300 Nowy Sącz",391,219,1479397,354,230
1415725,"Państwowa Szkoła Muzyczna I i II stopnia im. F. Chopina, ul. Nawojowska 213, 33-300 Nowy Sącz",664,326,1479401,75,499
1415732,"Szkoła Podstawowa Nr 9, ul. Grzegorza Piramowicza 16, 33-300 Nowy Sącz",475,246,1479409,426,331
1415734,"Szkoła Podstawowa Nr 9, ul. Grzegorza Piramowicza 16, 33-300 Nowy Sącz",486,195,1479409,426,331
1415736,"Szkoła Podstawowa Nr 17, ul. Mała Poręba 57, 33-300 Nowy Sącz",742,280,1479412,212,450
1415769,"Przedszkole Publiczne Nr 18 z Oddziałami Integracyjnymi, ul. Westerplatte Nr 10, 33-100 Tarnów",284,274,1479452,242,276
1415787,"Szkoła Podstawowa Nr 2 im. St. Konarskiego, ul. Szewska Nr 7, 33-100 Tarnów",276,350,1479468,201,192
1416088,"Siedziba Instytucji Gminnych, ul. Wólczyńska 75, 09-540 Sanniki",210,80,1479795,201,104
1416246,"Publiczna Szkoła Podstawowa im. Królowej Jadwigi, ul. Hanki Lewandowicz 2, 26-930 Garbatka-Letnisko",337,162,1479963,210,54
1416295,"Szkoła Podstawowa w Magnuszewie, ul. Bohaterów Września 10, 26-910 Magnuszew",285,105,1480012,193,467
1416296,"Szkoła Podstawowa w Magnuszewie, ul. Bohaterów Września 10, 26-910 Magnuszew",262,68,1480012,193,467
1416345,"Szkoła Podstawowa im. Bronisława Tokaja w Nieporęcie, ul. Dworcowa 9, 05-126 Nieporęt",296,262,1480063,291,267
1416347,"Szkoła Podstawowa im. Bohaterów Bitwy Warszawskiej 1920 r. w Stanisławowie Pierwszym, Stanisławów Pierwszy ul. Jana Kazimierza 291, 05-126 Nieporęt",213,380,1480061,186,404
1416349,"Szkoła Podstawowa im. Wandy Chotomskiej w Józefowie, Józefów ul. Szkolna 62, 05-119 Legionowo",216,359,1480070,201,549
1416361,"Zespół Szkolno-Przedszkolny, Wola Kiełpińska 1, 05-140 Serock",571,745,1480080,77,281
1416361,"Zespół Szkolno-Przedszkolny, Wola Kiełpińska 1, 05-140 Serock",571,745,1480081,58,764
1416362,"Zespół Szkolno-Przedszkolny, Wola Kiełpińska 1, 05-140 Serock",594,424,1480080,77,281
1416362,"Zespół Szkolno-Przedszkolny, Wola Kiełpińska 1, 05-140 Serock",594,424,1480081,58,764
1416566,"Zespół Szkolno-Przedszkolny w Halinowie, ul. Okuniewska 115, 05-074 Halinów",415,458,1480292,401,394
1416623,"Szkoła Podstawowa w Stanisławowie, ul. Szkolna 4A, 05-304 Stanisławów",432,197,1480357,321,98
1416623,"Szkoła Podstawowa w Stanisławowie, ul. Szkolna 4A, 05-304 Stanisławów",432,197,1480358,246,68
1416632,"Szkoła Podstawowa nr 1 im. Pierwszego Marszałka Polski Józefa Piłsudskiego, ul. Idzikowskiego 2a, 05-070 Sulejówek",540,860,1480363,107,415
1416632,"Szkoła Podstawowa nr 1 im. Pierwszego Marszałka Polski Józefa Piłsudskiego, ul. Idzikowskiego 2a, 05-070 Sulejówek",540,860,1480364,445,466
1416633,"Szkoła Podstawowa nr 1 im. Pierwszego Marszałka Polski Józefa Piłsudskiego, ul. Idzikowskiego 2a, 05-070 Sulejówek",251,298,1480363,107,415
1416637,"Szkoła Podstawowa nr 4 im. Janusza Korczaka, ul. Narutowicza 10, 05-071 Sulejówek",476,518,1480369,387,361
1416789,"Budynek Szkoły Podstawowej (sala lekcyjna), ul. Kościuszki 13, 07-420 Kadzidło",153,63,1480531,148,19
1416791,"Budynek Szkoły Podstawowej (sala lekcyjna), ul. Kościuszki 13, 07-420 Kadzidło",222,74,1480528,216,78
1416791,"Budynek Szkoły Podstawowej (sala lekcyjna), ul. Kościuszki 13, 07-420 Kadzidło",222,74,1480531,148,19
1416879,"Szkoła Podstawowa Nr 2 im. Papieża Jana Pawła II, ul. gen. Stefana Grota-Roweckiego 6, 07-300 Ostrów Mazowiecka",368,250,1480617,205,338
1416922,"Publiczna Szkoła Podstawowa im. płk. Dyplomowanego Ludwika Bociańskiego, ul. Mazowiecka 81, 07-310 Komorowo",206,101,1480663,125,48
1416967,"Szkoła Podstawowa Nr 1, ul. Mickiewicza 11, 05-420 Józefów",438,514,1480709,295,475
1417055,"Pawilon Kultury, ul. Lubelska 53, 05-462 Wiązowna",122,145,1480804,116,183
1417067,"Szkoła Podstawowa w Gliniance, ul. Napoleońska 1, 05-408 Glinianka",191,83,1480815,185,131
1417067,"Szkoła Podstawowa w Gliniance, ul. Napoleońska 1, 05-408 Glinianka",191,83,1480817,137,84
1417116,"Szkoła Podstawowa, ul. Księdza Kanonika Henryka Słojewskiego 1, 05-552 Łazy",483,775,1480876,342,708
1417119,"Szkoła Podstawowa, ul. Marii Świątkiewicz 2A, 05-552 Mroków",371,556,1480880,255,349
1417126,"Szkoła Podstawowa nr 5, ul. Szkolna 14, 05-500 Piaseczno",359,438,1480889,340,503
1417163,"Szkoła Podstawowa w Złotokłosie, ul. Traugutta 10, 05-504 Złotokłos",310,708,1480923,173,141
1417189,"Budynek po Szkole Podstawowej w Bielsku, ul. Drobińska 19, 09-230 Bielsk",554,319,1480954,492,118
1417198,"Zespół Placówek Oświatowych w Nowym Miszewie, Nowe Miszewo ul. Szkolna 2, 09-470 Bodzanów",150,106,1480965,120,58
1417261,"Szkoła Podstawowa w Soczewce, ul. im. ks. Pawła Kwiatkowskiego 1, 09-506 Soczewka",207,93,1481029,182,144
1417493,"Szkoła Podstawowa nr 3, ul. Orlika 48, 06-300 Przasnysz",338,271,1481273,270,145
1417631,"Zespół Szkół Nr 2 z oddziałami integracyjnymi, ul. Polna 7, 06-100 Pułtusk",357,280,1481414,251,232
1417631,"Zespół Szkół Nr 2 z oddziałami integracyjnymi, ul. Polna 7, 06-100 Pułtusk",357,280,1481420,297,240
1417634,"Publiczna Szkoła Podstawowa Nr 4 z klasami sportowymi im. Ireny Szewińskiej, ul. New Britain 1, 06-100 Pułtusk",232,146,1481424,167,157
1417642,"Specjalny Ośrodek Szkolno-Wychowawczy, ul. Aleja Tysiąclecia 12, 06-100 Pułtusk",257,251,1481426,229,282
1417681,"Publiczna Szkoła Podstawowa w Małęczynie, Małęczyn ul. Szkolna 64, 26-634 Gózd",608,182,1481473,110,332
1417717,"Dom Strażaka w Wielogórze, Wielogóra ul. Kwiatowa 1, 26-660 Jedlińsk",606,237,1481510,76,418
1417739,"Zespół Szkolno-Przedszkolny w Jedlni, Jedlnia 93, 26-670 Pionki",676,178,1481532,99,318
1417749,"Samorządowe Przedszkole w Skaryszewie, ul. Wojska Polskiego 5, 26-640 Skaryszew",624,197,1481543,39,340
1417751,"Publiczna Szkoła Podstawowa w Makowcu, Makowiec ul. Kościelna 2, 26-640 Skaryszew",665,183,1481545,126,340
1417826,"Zespół Oświatowy w Stoku Lackim, Stok Lacki ul. Siedlecka 135, 08-110 Siedlce",609,262,1481620,201,468
1417831,"Zespół Oświatowo-Wychowawczy w Strzale, Chodów ul. Sokołowska 1, 08-119 Siedlce",620,230,1481625,110,444
1417853,"Urząd Gminy w Suchożebrach, ul. Aleksandry Ogińskiej 11, 08-125 Suchożebry",543,125,1481647,65,256
1417865,"Zespół Szkół w Wodyniach, ul. Siedlecka 7, 08-117 Wodynie",223,34,1481660,209,27
1417867,"Zespół Szkół w Seroczynie, ul. Siedlecka 11, 08-116 Seroczyn",315,49,1481662,148,10
1417873,"Szkoła Podstawowa w Zbuczynie, ul. Jana Pawła II 3, 08-106 Zbuczyn",471,129,1481668,420,38
1417988,"Szkoła Podstawowa w Kątach, Kąty 74B, 96-500 Sochaczew",359,247,1481791,347,358
1417995,"Szkoła Podstawowa w Teresinie, ul. Aleja XX-lecia 2, 96-515 Teresin",292,230,1481796,260,147
1418004,"Publiczna Szkoła Podstawowa Nr 4, ul. Kupientyńska 15, 08-300 Sokołów Podlaski",613,294,1481804,29,529
1418155,"Szkoła Podstawowa im. Henryka Sienkiewicza, ul. Polna 40, 05-082 Stare Babice",406,799,1481957,366,724
1418155,"Szkoła Podstawowa im. Henryka Sienkiewicza, ul. Polna 40, 05-082 Stare Babice",406,799,1481964,326,740
1418164,"Szkoła Podstawowa Nr 1, ul. Karola Szamoty 35, 07-100 Węgrów",498,365,1481967,31,659
1418190,"Szkoła Podstawowa w Ostrówku, ul. Szkolna 2, 07-132 Ostrówek",392,144,1481993,288,54
1418198,"Szkoła Podstawowa Nr 3 w Łochowie, ul. 1 Maja 47, 07-130 Łochów",376,189,1482004,373,195
1418222,"Zespół Oświatowy w Stoczku, ul. Armii Krajowej 1, 07-104 Stoczek",318,119,1482026,277,60
1418253,"Szkoła Podstawowa Nr 4, ul. Wspólna 40, 05-270 Marki",400,456,1482057,383,516
1418266,"Szkoła Podstawowa Nr 2, ul. Stefana Batorego 11, 05-091 Ząbki",600,459,1482072,67,795
1418267,"Szkoła Podstawowa Nr 1, ul. Józefa Piłsudskiego 35, 05-091 Ząbki",617,486,1482073,110,961
1418332,"Szkoła Podstawowa nr 1 w Radzyminie, wejście od ul. 11go Listopada, ul. 11 Listopada 2, 05-250 Radzymin",508,436,1482142,46,828
1418333,"Szkoła Podstawowa Nr 2 w Radzyminie, ul. Marii Konopnickiej 24, 05-250 Radzymin",556,525,1482143,146,932
1418336,"Szkoła Podstawowa Nr 1 w Radzyminie, wejście od ul. Batorego, ul. 11 Listopada 2, 05-250 Radzymin",683,221,1482146,141,428
1418338,"Szkoła Podstawowa im. Armii Krajowej, ul. Mazowiecka 40, 05-255 Stare Załubice",710,401,1482148,199,744
1418340,"Szkoła Podstawowa Nr 1 w Słupnie, Słupno al. Aleja Jana Pawła II 14, 05-250 Radzymin",560,432,1482150,52,741
1418347,"Przedszkole Samorządowe ""Baśniowa Kraina"", ul. Adama Mickiewicza 7, 05-240 Tłuszcz",311,230,1482160,262,141
1418366,"Szkoła Podstawowa, Duczki ul. Szosa Jadowska 37, 05-200 Wołomin",555,260,1482179,481,239
1418377,"Szkoła Podstawowa Nr 2, ul. Aleja Armii Krajowej 81, 05-200 Wołomin",416,351,1482190,20,797
1418378,"Szkoła Podstawowa Nr 2, ul. Aleja Armii Krajowej 81, 05-200 Wołomin",569,425,1482190,20,797
1418404,"Urząd Gminy w Długosiodle, ul. Tadeusza Kościuszki 2, 07-210 Długosiodło",575,266,1482218,22,401
1418490,"Publiczna Szkoła Podstawowa w Zwoleniu, ul. Ludowa 35, 26-700 Zwoleń",603,344,1482306,27,554
1418509,"Zespół Szkół w Lubowidzu, ul. Jana Pawła II 46A, 09-304 Lubowidz",352,228,1482327,325,126
1418525,"Szkoła Podstawowa Nr 1 w Żurominie, ul. Wyzwolenia 12, 09-300 Żuromin",274,312,1482349,132,62
1418578,"Zespół Szkolno-Przedszkolny w Bartnikach, Bartniki ul. Miodowa 47, 96-332 Radziwiłłów",410,219,1482401,352,199
1418628,"Szkoła Podstawowa nr 17 im. Tadeusza Kościuszki, ul. Miodowa 18, 09-400 Płock",261,276,1482458,234,187
1418687,"Miejskie Przedszkole nr 19, ul. Juliusza Słowackiego 27, 09-400 Płock",290,153,1482450,254,154
1418692,"Publiczna Szkoła Podstawowa Nr 7 im. Kazimierza Pułaskiego, ul. Aleksandra Tybla 7/11, 26-600 Radom",197,230,1482526,185,189
1418734,"Publiczna Szkoła Podstawowa Nr 31 im. Kardynała Stefana Wyszyńskiego, ul. Biała 6, 26-600 Radom",412,303,1482564,282,275
1418736,"Publiczna Szkoła Podstawowa Nr 4 z Oddziałami Integracyjnymi im. św. Kazimierza Jagiellończyka, ul. Wyścigowa 49, 26-600 Radom",555,495,1482567,65,826
1418736,"Publiczna Szkoła Podstawowa Nr 4 z Oddziałami Integracyjnymi im. św. Kazimierza Jagiellończyka, ul. Wyścigowa 49, 26-600 Radom",555,495,1482569,113,531
1418737,"Dom Kultury ""Idalin"", ul. Bluszczowa 4/8, 26-600 Radom",520,274,1482627,377,214
1418738,"Publiczna Szkoła Podstawowa Nr 4 z Oddziałami Integracyjnymi im. św. Kazimierza Jagiellończyka, ul. Wyścigowa 49, 26-600 Radom",657,297,1482567,65,826
1418738,"Publiczna Szkoła Podstawowa Nr 4 z Oddziałami Integracyjnymi im. św. Kazimierza Jagiellończyka, ul. Wyścigowa 49, 26-600 Radom",657,297,1482569,113,531
1418778,"Publiczna Szkoła Podstawowa Nr 15 im. Władysława Syrokomli, ul. Kielecka 2/6, 26-600 Radom",515,463,1482605,510,271
1418839,"Szkoła Podstawowa Nr 357, ul. Zachodzącego Słońca 25, 01-495 Warszawa",246,193,1482679,196,721
1418839,"Szkoła Podstawowa Nr 357, ul. Zachodzącego Słońca 25, 01-495 Warszawa",246,193,1482682,227,873
1418840,"Szkoła Podstawowa Nr 357, ul. Zachodzącego Słońca 25, 01-495 Warszawa",236,144,1482679,196,721
1418840,"Szkoła Podstawowa Nr 357, ul. Zachodzącego Słońca 25, 01-495 Warszawa",236,144,1482682,227,873
1418847,"Szkoła Podstawowa Nr 364, ul. Michała Elwira Andriollego 1, 01-494 Warszawa",413,839,1482727,391,847
1418850,"Szkoła Podstawowa Nr 341, ul. Oławska 3, 01-494 Warszawa",341,704,1482718,293,863
1418868,"Szkoła Podstawowa Nr 350, ul. Karola Irzykowskiego 1A, 01-317 Warszawa",326,720,1482711,256,562
1418869,"Szkoła Podstawowa Nr 350, ul. Karola Irzykowskiego 1A, 01-317 Warszawa",339,700,1482711,256,562
1418880,"Szkoła Podstawowa Nr 363, ul. Rozłogi 10, 01-310 Warszawa",420,920,1482722,320,693
1418970,"Szkoła Podstawowa nr 352, ul. Josepha Conrada 6, 01-922 Warszawa",360,583,1482822,317,585
1419033,"Szkoła Podstawowa Nr 205 im. Żołnierzy Powstania Warszawskiego, ul. Spartańska 4, 02-637 Warszawa",145,656,1482883,136,774
1419072,"CLV Liceum Ogólnokształcące z Oddziałami Dwujęzycznymi im. Bohaterek Powstania Warszawskiego, ul. Wojciecha Żywnego 25, 02-701 Warszawa",235,572,1482862,113,397
1419108,"Centrum Kształcenia Ustawicznego Nr 2, ul. Szczęśliwicka 50/54, 02-353 Warszawa",260,639,1482966,224,919
1419185,"XXXV Liceum Ogólnokształcące im. Bolesława Prusa, ul. Zwycięzców 7/9, 03-936 Warszawa",281,770,1483047,173,617
1419193,"Szkoła Podstawowa nr 397, ul. Afrykańska 11, 03-966 Warszawa",300,682,1483061,297,115
1419211,"Szkoła Podstawowa nr 312, ul. Władysława Umińskiego 11, 03-982 Warszawa",314,466,1483078,306,801
1419215,"Biblioteka Publiczna im. Zygmunta Jana Rumla, ul. Janusza Meissnera 5, 03-982 Warszawa",299,494,1483082,219,746
1419303,"Szkoła Podstawowa Nr 52 im. Macieja Aleksego Dawidowskiego ""Alka"", ul. Samarytanka 11A, 03-592 Warszawa",363,574,1483227,358,742
1419321,"Szkoła Podstawowa Nr 298 im. Jana Kasprowicza, ul. Krakusa 2, 03-390 Warszawa",463,559,1483207,206,360
1419393,"Szkoła Podstawowa nr 319, ul. Związku Walki Młodych 10, 02-786 Warszawa",235,619,1483280,182,458
1419608,"Szkoła Podstawowa nr 65, ul. Mścisławska 1, 01-647 Warszawa",363,899,1483510,340,268
1420087,"Zespół Szkół i Placówek Oświatowych im. Emila Godlewskiego, ul. Marii Rodziewiczówny 1, 48-303 Nysa",379,533,1484543,332,471
1420158,"Szkoła Podstawowa w Chróścinie, Chróścina ul. Szkolna 1, 48-320 Skoroszyce",121,98,1484619,119,116
1420207,"I Liceum Ogólnokształcące im. Powstańców Śląskich, ul. Kaliska 38, 46-320 Praszka",149,162,1484678,105,57
1420270,"Publiczna Szkoła Podstawowa, ul. Wolności 22, 46-030 Murów",101,181,1484732,95,132
1420542,"Przedszkole Publiczne Nr 4, ul. Bielska 23, 45-401 Opole",261,597,1485022,175,615
1420651,"Gminny Ośrodek Pomocy Społecznej w Jasienicy Rosielnej, Jasienica Rosielna 240, 36-220 Jasienica Rosielna",652,109,1485147,28,183
1420687,"Szkoła Podstawowa Nr 8, ul. Wielopolska 162, 39-200 Dębica",658,246,1485183,197,435
1420751,"Publiczna Szkoła Podstawowa w Pilźnie, ul. Adama Mickiewicza 1, 39-220 Pilzno",643,140,1485250,50,253
1420752,"Publiczna Szkoła Podstawowa w Pilźnie, ul. Adama Mickiewicza 1, 39-220 Pilzno",611,229,1485250,50,253
1420755,"Publiczna Szkoła Podstawowa w Dobrkowie, Dobrków 68a, 39-220 Pilzno",363,55,1485255,148,28
1420847,"Centrum Kultury, Sportu i Turystyki w Pruchniku, ul. Księdza Bronisława Markiewicza 20, 37-560 Pruchnik",594,139,1485351,35,244
1420893,"Dom Kultury w Szówsku, Szówsko ul. Sportowa 5, 37-522 Wiązownica",675,136,1485398,115,263
1420913,"Zespół Szkół Technicznych w Jaśle, ul. Stanisława Staszica 30, 38-200 Jasło",309,295,1485420,218,175
1420913,"Zespół Szkół Technicznych w Jaśle, ul. Stanisława Staszica 30, 38-200 Jasło",309,295,1485424,253,150
1420914,"Szkoła Podstawowa Nr 4 w Jaśle, ul. Wincentego Pola 9, 38-200 Jasło",302,302,1485423,279,203
1420917,"Szkoła Podstawowa Nr 4 w Jaśle, ul. Wincentego Pola 9, 38-200 Jasło",289,187,1485423,279,203
1421051,"Gminny Ośrodek Kultury w Majdanie Królewskim, ul. Rzeszowska 8, 36-110 Majdan Królewski",664,148,1485561,38,283
1421112,"Sala widowiskowa ""Wczasowicz"" w Iwoniczu-Zdroju, pl. Józefa Dietla 2, 38-440 Iwonicz-Zdrój",566,467,1485623,70,742
1421192,"Szkoła Podstawowa Nr 3 im. Stefana Wyszyńskiego, ul. 11 Listopada 8, 37-300 Leżajsk",417,151,1485711,381,165
1421217,"Szkoła Podstawowa w Hucisku, Hucisko 153, 37-311 Wola Zarczycka",257,18,1485737,148,25
1421226,"Zespół Szkół w Nowej Sarzynie, ul. Komisji Edukacji Narodowej 5, 37-310 Nowa Sarzyna",390,199,1485747,323,138
1421235,"Szkoła Podstawowa im. Prymasa Tysiąclecia w Woli Zarczyckiej, Wola Zarczycka 128, 37-311 Wola Zarczycka",576,48,1485756,62,71
1421236,"Szkoła Podstawowa im. Prymasa Tysiąclecia w Woli Zarczyckiej, Wola Zarczycka 128, 37-311 Wola Zarczycka",678,40,1485756,62,71
1421318,"Gminny Ośrodek Kultury i Czytelnictwa w Białobrzegach, Białobrzegi 1, 37-114 Białobrzegi",578,119,1485844,155,270
1421327,"Zespół Szkół w Medyni Głogowskiej, Medynia Głogowska 426, 37-126 Medynia Głogowska",631,60,1485853,50,121
1421343,"Dom Kultury w Wysokiej, Wysoka 81, 37-100 Łańcut",743,171,1485869,276,339
1421345,"Szkoła Podstawowa im. Błogosławionej Rodziny Ulmów w Markowej, Markowa 1351, 37-120 Markowa",535,111,1485871,98,193
1421367,"Szkoła Podstawowa Nr 3, ul. Żeromskiego 30, 39-300 Mielec",518,463,1485892,456,256
1421417,"Samorządowy Ośrodek Kultury i Sportu Gminy Mielec z/s w Chorzelowie, Chorzelów 307, 39-331 Chorzelów",568,271,1485947,12,492
1421439,"Szkoła Podstawowa w Tuszymie, Tuszyma 482, 39-321 Tuszyma",596,147,1485969,55,327
1421530,"Zespół Szkolno-Przedszkolny Nr 4 w Nisku, ul. Piaskowa 15, 37-400 Nisko",365,207,1486063,364,123
1421535,"Zespół Szkolno-Przedszkolny w Zarzeczu, Zarzecze ul. Adama Mickiewicza 45, 37-400 Nisko",437,111,1486066,338,119
1421668,"Szkoła Podstawowa Nr 1, ul. Marii Konopnickiej 5, 37-200 Przeworsk",367,192,1486211,346,184
1421729,"Wiejski Dom Kultury w Gniewczynie Łańcuckiej, Gniewczyna Łańcucka 621, 37-203 Gniewczyna Łańcucka",584,60,1486266,28,148
1421831,"Szkoła Podstawowa Nr 1 w Niechobrzu, Niechobrz 679, 36-047 Niechobrz",719,220,1486371,304,362
1421854,"Miejsko Gminny Dom Kultury w Głogowie Małopolskim, ul. Kardynała Stefana Wyszyńskiego 12, 36-060 Głogów Małopolski",394,133,1486394,374,185
1421867,"Dom Ludowy w Wysokiej Głogowskiej, Wysoka Głogowska 302, 36-061 Wysoka Głogowska",666,142,1486408,140,289
1421884,"Szkoła Podstawowa w Krasnem, Krasne 742, 36-007 Krasne",562,410,1486427,102,750
1421889,"Urząd Gminy Lubenia, Lubenia 131, 36-042 Lubenia",555,173,1486432,36,342
1421898,"Zespół Szkół im. Bł. Bronisława Markiewicza, Trzeboś ul. Kościelna 1, 36-050 Sokołów Małopolski",648,37,1486442,140,94
1421899,"Ochotnicza Straż Pożarna, Nienadówka 300, 36-052 Nienadówka",836,98,1486443,394,222
1421916,"Przedszkole w Trzebownisku, Trzebownisko 968, 36-001 Trzebownisko",766,318,1486460,470,626
1421920,"Zespół Szkół im. Jana Pawła II w Jasionce, Jasionka 301, 36-002 Jasionka",557,293,1486464,121,568
1421924,"Zespół Szkół w Łukawcu, Łukawiec 423, 36-004 Łąka",651,158,1486468,97,320
1422102,"Urząd Gminy w Czudcu-Sala Widowiskowa, ul. Starowiejska 6, 38-120 Czudec",675,240,1486655,220,437
1422190,"Zespół Szkół Ogólnokształcących im. Prof. Stanisława Bąka w Grębowie, ul. Rynek 9, 39-410 Grębów",554,184,1486745,9,340
1422203,"Zespół Placówek Oświatowych, ul. Bronisława Zybury 4, 39-460 Nowa Dęba",409,232,1486758,9,364
1422271,"II Liceum Ogólnokształcące im. prof. Kazimierza Morawskiego, ul. Biskupa Jakuba Glazera 44, 37-700 Przemyśl",370,411,1486838,252,277
1422309,"Zespół Szkół Technicznych, ul. Adama Matuszczaka 7, 35-083 Rzeszów",462,554,1486885,261,215
1422310,"Zespół Szkolno-Przedszkolny nr 4, ul. Staroniwska 55, 35-101 Rzeszów",513,647,1486886,72,138
1422340,"Rzeszowski Dom Kultury, ul. Jana Olbrachta 120, 35-614 Rzeszów",558,596,1486916,227,40
1422342,"Szkoła Podstawowa nr 5, ul. Słocińska 4, 35-330 Rzeszów",516,478,1486918,8,781
1422343,"Szkoła Podstawowa nr 5, ul. Słocińska 4, 35-330 Rzeszów",445,252,1486918,8,781
1422344,"Dom Pomocy Społecznej dla Kombatantów, ul. Powstańców Śląskich 4, 35-610 Rzeszów",514,568,1486920,121,41
1422345,"Szkoła Podstawowa Nr 24, ul. Piotra Czajkowskiego 11, 35-602 Rzeszów",486,700,1486921,137,216
1422375,"Rzeszowski Dom Kultury, ul. kard. Karola Wojtyły 164, 35-304 Rzeszów",545,490,1486951,122,867
1422378,"Zespół Szkolno-Przedszkolny nr 7, ul. Budziwojska 154, 35-317 Rzeszów",518,424,1486954,154,775
1422471,"Szkoła Podstawowa im. Henryka Sienkiewicza w Choroszczy, ul. Powstania Styczniowego 26A, 16-070 Choroszcz",548,388,1487062,26,674
1422500,"Szkoła Podstawowa w Gródku, ul. Aleksandra i Grzegorza Chodkiewiczów 18, 16-040 Gródek",81,151,1487098,56,37
1422501,"Szkoła Podstawowa w Gródku, ul. Aleksandra i Grzegorza Chodkiewiczów 18, 16-040 Gródek",79,222,1487098,56,37
1422518,"Szkoła Podstawowa im. Jana Pawła II w Kleosinie, ul. Zambrowska 20, 16-001 Kleosin",415,217,1487112,371,243
1422553,"Sportowa Szkoła Podstawowa w Supraślu, ul. Józefa Piłsudskiego 1, 16-030 Supraśl",294,326,1487155,282,252
1422608,"Szkoła Podstawowa w Zabłudowie, ul. Adama Mickiewicza 20, 16-060 Zabłudów",245,80,1487192,172,131
1422609,"Szkoła Podstawowa w Zabłudowie, ul. Adama Mickiewicza 20, 16-060 Zabłudów",237,117,1487192,172,131
1422757,"Szkoła Podstawowa Nr 1, ul. Wojska Polskiego 22, 18-500 Kolno",270,89,1487360,241,100
1423019,"Szkoła Podstawowa z Oddziałami Integracyjnymi Nr 2 w Sokółce, ul. Szkolna 2, 16-100 Sokółka",419,288,1487637,303,121
1423204,"Szkoła Podstawowa nr 9, ul. Legionowa 7, 15-281 Białystok",226,460,1487848,168,271
1423205,"Szkoła Podstawowa nr 9, ul. Legionowa 7, 15-281 Białystok",210,232,1487848,168,271
1423415,"Szkoła Podstawowa Nr 6 im. Aleksandry Kujałowicz, ul. Sejneńska 12, 16-400 Suwałki",240,266,1488051,182,173
1423574,"Szkoła Podstawowa im. Kard. Stefana Wyszyńskiego, ul. Kardynała Stefana Wyszyńskiego 15, 89-634 Leśno",267,87,1488237,204,83
1423707,"Szkoła Podstawowa Nr 3, ul. Jana Matejki 1, 83-000 Pruszcz Gdański",240,519,1488367,233,255
1423796,"Zespół Kształcenia i Wychowania, ul. Edukacji Narodowej 4a, 83-332 Dzierżążno",395,384,1488456,302,412
1423810,"Szkoła Podstawowa w Przodkowie, ul. Sportowa 12, 83-304 Przodkowo",282,179,1488467,206,109
1423817,"Urząd Gminy Sierakowice, ul. Lęborska 30, 83-340 Sierakowice",610,316,1488478,50,548
1423856,"Szkoła Podstawowa w Sulęczynie, ul. Stefana Żeromskiego 16, 83-320 Sulęczyno",287,345,1488520,171,92
1423898,"Zespół Kształcenia i Wychowania, ul. Wyzwolenia 20, 83-425 Dziemiany",388,235,1488562,176,104
1424114,"Szkoła Podstawowa im. Janusza Korczaka w Krynicy Morskiej, ul. Gdańska 55a, 82-120 Krynica Morska",444,925,1488792,96,875
1424152,"Urząd Miasta, ul. Portowa 24, 84-140 Jastarnia",595,689,1488834,286,956
1424644,"Zespół Szkolno-Przedszkolny, ul. Szkolna 6, 84-217 Szemud",453,431,1489351,4,735
1424645,"Szkoła Podstawowa z Oddziałami Integracyjnymi im. Bohaterów Westerplatte, ul. Szkolna 4, 84-208 Kielno",476,552,1489352,22,985
1424645,"Szkoła Podstawowa z Oddziałami Integracyjnymi im. Bohaterów Westerplatte, ul. Szkolna 4, 84-208 Kielno",476,552,1489355,362,702
1424648,"Szkoła Podstawowa z Oddziałami Integracyjnymi im. Bohaterów Westerplatte, ul. Szkolna 4, 84-208 Kielno",161,418,1489352,22,985
1424649,"Zespół Szkolno-Przedszkolny, ul. Szkolna 6, 84-217 Szemud",370,256,1489351,4,735
1424924,"Zespół Szkół Chłodniczych i Elektronicznych, ul. Sambora 48, 81-201 Gdynia",205,567,1489654,177,481
1424944,"Szkoła Podstawowa nr 48, ul. Jowisza 60, 81-601 Gdynia",288,30,1489671,275,749
1424963,"Szkoła Podstawowa nr 11, ul. Wrocławska 52, 81-553 Gdynia",289,116,1489693,261,632
1424982,"X Liceum Ogólnokształcące, ul. Władysława IV 58, 81-384 Gdynia",139,366,1489707,136,423
1424983,"Zespół Sportowych Szkół Ogólnokształcących, ul. Władysława IV 54, 81-384 Gdynia",172,528,1489712,171,547
1424983,"Zespół Sportowych Szkół Ogólnokształcących, ul. Władysława IV 54, 81-384 Gdynia",172,528,1489717,166,481
1424990,"Szkoła Podstawowa nr 21, ul. Jana z Kolna 5, 81-351 Gdynia",212,671,1489715,198,518
1425004,"Szkoła Podstawowa nr 39, ul. adm. J. Unruga 88, 81-181 Gdynia",367,614,1489733,297,461
1425004,"Szkoła Podstawowa nr 39, ul. adm. J. Unruga 88, 81-181 Gdynia",367,614,1489734,347,672
1425100,"Szkoła Podstawowa nr 2, ul. Wolności 51, 42-500 Będzin",300,688,1489837,181,366
1425101,"Szkoła Podstawowa nr 2, ul. Wolności 51, 42-500 Będzin",295,624,1489837,181,366
1425241,"Szkoła Podstawowa im. Tadeusza Kościuszki, ul. Szkolna 1, 43-356 Kobiernice",398,319,1489991,384,244
1425245,"Urząd Gminy Wilamowice, ul. Rynek 1, 43-330 Wilamowice",754,344,1489994,218,587
1425248,"Szkoła Podstawowa w Pisarzowicach, ul. św. Floriana 28, 43-332 Pisarzowice",435,469,1489999,362,220
1425249,"Szkoła Podstawowa w Pisarzowicach, ul. św. Floriana 28, 43-332 Pisarzowice",376,339,1489999,362,220
1425265,"Ochotnicza Straż Pożarna, ul. Tadeusza Kościuszki 3, 43-400 Cieszyn",279,541,1490016,243,450
1425334,"Gminny Ośrodek Kultury, Promocji, Informacji Turystycznej i Biblioteka Publiczna w Istebnej, Istebna 68, 43-470 Istebna",683,202,1490097,190,369
1425547,"Zespół Szkolno-Przedszkolny, ul. Zwycięstwa 44, 44-177 Paniówki",542,471,1490320,27,777
1425632,"Szkoła Podstawowa w Opatowie, ul. Szkolna 5, 42-152 Opatów",189,134,1490412,164,105
1425662,"Szkoła Podstawowa w Truskolasach, ul. Szkolna 3, 42-134 Truskolasy",542,360,1490442,21,711
1425790,"Przedszkole nr 2, ul. Pułaskiego 7A, 42-300 Myszków",288,251,1490587,258,220
1425888,"Powiatowy Zespół Szkół Nr 2 im. Karola Miarki, ul. Karola Szymanowskiego 12, 43-200 Pszczyna",303,225,1490719,149,96
1426029,"Szkoła Podstawowa im. Henryka Mikołaja Góreckiego, ul. Wolności 41, 44-282 Czernica",348,313,1490840,251,128
1426117,"Gminna Biblioteka Publiczna/Centrum Usług Publicznych w Zbrosławicach, ul. Oświęcimska 2A, 42-674 Zbrosławice",268,633,1490935,112,158
1426166,"Szkoła Podstawowa im. Wilhelma Gawlikowicza, ul. Świętego Jana 33A, 43-220 Bojszowy",208,145,1490986,178,72
1426171,"Gminna Szkoła Podstawowa z Oddziałami Integracyjnymi im. ks Jerzego Popiełuszki, ul. Sierpowa 38, 43-220 Świerczyniec",213,153,1490989,157,159
1426187,"MOSiR Dom Sportu, ul. Wojciecha Korfantego 17, 44-310 Radlin",275,317,1491005,244,330
1426271,"Zespół Szkolno-Przedszkolny, ul. Szkolna 21, 44-323 Połomia",717,190,1491096,210,326
1426301,"Zespół Szkół im. Gen. Józefa Bema, ul. Parkowa 7, 42-400 Zawiercie",236,226,1491128,233,297
1426465,"Szkoła Podstawowa, ul. Rynek 2, 34-370 Rajcza",362,219,1491297,236,170
1426491,"Szkoła Podstawowa, Żabnica ul. Szkolna 6, 34-350 Węgierska Górka",519,120,1491322,467,165
1426552,"Szkoła Podstawowa Nr 37 im. gen. Mariusza Zaruskiego, ul. Doliny Miętusiej 5, 43-300 Bielsko-Biała",433,578,1491386,48,771
1426553,"Szkoła Podstawowa Nr 37 im. gen. Mariusza Zaruskiego, ul. Doliny Miętusiej 5, 43-300 Bielsko-Biała",422,591,1491386,48,771
1426554,"Szkoła Podstawowa Nr 37 im. gen. Mariusza Zaruskiego, ul. Doliny Miętusiej 5, 43-300 Bielsko-Biała",490,722,1491386,48,771
1426571,"Szkoła Podstawowa Nr 21, ul. Worpie 14-16, 41-906 Bytom",302,203,1491412,269,114
1426627,"IV Liceum Ogólnokształcące, pl. Generała Władysława Sikorskiego 1, 41-902 Bytom",188,274,1491470,171,309
1426630,"Społeczna Szkoła Podstawowa Społecznego Towarzystwa Oświatowego, ul. Skrajna 14a, 41-907 Bytom",233,330,1491425,154,325
1426633,"Zespół Szkół Mistrzostwa Sportowego, ul. Harcerska 2, 41-503 Chorzów",207,279,1491538,113,497
1426650,"Szkoła Podstawowa Nr 1, ul. gen. Henryka Dąbrowskiego 41, 41-500 Chorzów",176,304,1491505,162,237
1426726,"Szkoła Podstawowa nr 30, ul. Ludowa 58, 42-215 Częstochowa",342,384,1491592,303,410
1426735,"Szkoła Podstawowa nr 48, ul. Leona Schillera 5, 42-224 Częstochowa",272,433,1491602,203,369
1426736,"Szkoła Podstawowa nr 48, ul. Leona Schillera 5, 42-224 Częstochowa",284,391,1491602,203,369
1426738,"Szkoła Podstawowa nr 48, ul. Leona Schillera 5, 42-224 Częstochowa",271,393,1491602,203,369
1426785,"Szkoła Podstawowa nr 49, ul. Jesienna 42, 42-208 Częstochowa",263,384,1491649,166,268
1426806,"Szkoła Podstawowa nr 13, ul. Wręczycka 111/115, 42-200 Częstochowa",488,488,1491672,450,775
1426806,"Szkoła Podstawowa nr 13, ul. Wręczycka 111/115, 42-200 Częstochowa",488,488,1491673,457,904
1426817,"Szkoła Podstawowa nr 3, ul. Mireckiego 1, 41-300 Dąbrowa Górnicza",197,319,1491690,147,213
1426819,"Zespół Szkół Sportowych, ul. Chopina 34, 41-300 Dąbrowa Górnicza",317,394,1491692,277,445
1426832,"Zespół Szkół nr 4, ul. Łęknice 35, 41-303 Dąbrowa Górnicza",326,463,1491707,240,888
1426840,"Szkoła Podstawowa nr 8, ul. Krasińskiego 34, 41-300 Dąbrowa Górnicza",242,373,1491713,190,373
1426848,"Szkoła Podstawowa nr 12, ul. Tysiąclecia 25, 41-303 Dąbrowa Górnicza",306,427,1491723,263,335
1426982,"Szkoła Podstawowa nr 14, ul. Edukacyjna 13, 44-268 Jastrzębie-Zdrój",603,228,1491869,129,441
1426985,"Zespół Szkolno-Przedszkolny nr 1, ul. Pszczyńska 125, 44-335 Jastrzębie-Zdrój",763,453,1491872,264,734
1426988,"Dom Strażaka, ul. Rostków 7, 44-336 Jastrzębie-Zdrój",540,344,1491875,3,569
1427052,"Państwowa Szkoła Muzyczna I stopnia, ul. Inwalidów Wojennych 2a, 43-600 Jaworzno",204,225,1491948,98,109
1427181,"Zespół Szkół Technicznych i Ogólnokształcących nr 2, ul. Mikołowska 131, 40-592 Katowice",249,355,1492017,90,199
1427205,"Zespół Szkół nr 1, ul. Stanisława Staszica 2, 40-230 Katowice",297,567,1492100,252,404
1427282,"Szkoła Podstawowa Nr 3, ul. Cypriana Norwida 10, 41-700 Ruda Śląska",222,374,1492203,172,210
1427309,"Miejskie Przedszkole nr 37, ul. Obrońców Westerplatte 7A, 41-710 Ruda Śląska",218,252,1492230,154,141
1427363,"Zespół Szkolno-Przedszkolny nr 4 w Rybniku, ul. Komisji Edukacji Narodowej 29, 44-207 Rybnik",454,319,1492291,297,118
1427465,"Szkoła Podstawowa Nr 27, ul. Grabowa 2, 41-209 Sosnowiec",297,545,1492402,271,438
1427508,"Szkoła Podstawowa Nr 15, ul. Wojska Polskiego 84, 41-208 Sosnowiec",332,473,1492484,209,264
1427668,"Szkoła Podstawowa z Oddziałami Integracyjnymi Nr 14 im. Adama Mickiewicza, ul. Gdańska 10, 41-800 Zabrze",270,447,1492621,258,377
1427727,"Szkoła Podstawowa nr 13 z Oddziałami Sportowymi i Mistrzostwa Sportowego im. Polskich Olimpijczyków w Żorach, os. Osiedle Pawlikowskiego 40, 44-240 Żory",488,495,1492690,27,842
1427728,"Szkoła Podstawowa nr 13 z Oddziałami Sportowymi i Mistrzostwa Sportowego im. Polskich Olimpijczyków w Żorach, os. Osiedle Pawlikowskiego 40, 44-240 Żory",341,391,1492690,27,842
1427734,"Zespół Szkolno-Przedszkolny nr 9 w Żorach, ul. Rybnicka 226, 44-240 Żory",571,362,1492697,53,659
1427735,"Zespół Szkolno-Przedszkolny nr 8 w Żorach, ul. Wysoka 13, 44-240 Żory",541,499,1492698,162,907
1427961,"Zespół Szkolno-Przedszkolny w Bodzentynie, ul. Rynek Górny 11, 26-010 Bodzentyn",416,267,1492941,71,14
1428034,"Szkoła Podstawowa w Górnie, ul. Szkolna 1, 26-008 Górno",905,221,1493017,572,422
1428200,"Zespół Placówek Oświatowych w Stadnickiej Woli, Stadnicka Wola 55, 26-200 Końskie",269,234,1493206,252,178
1428306,"Zespół Szkół Ogólnokształcących w Ożarowie, ul. Osiedle Wzgórze 54, 27-530 Ożarów",279,200,1493317,159,58
1428415,"Publiczna Szkoła Podstawowa im. Antoniego Hedy ""Szarego"" w Kunowie, ul. Fabryczna 1, 27-415 Kunów",395,266,1493430,157,131
1428524,"Gminny Ośrodek Kultury w Łoniowie, Łoniów 56, 27-670 Łoniów",641,214,1493544,84,371
1428539,"Liceum Ogólnokształcące w Chobrzanach, Chobrzany 111A, 27-650 Samborzec",229,89,1493561,200,83
1428615,"Samorządowa Szkoła Podstawowa w Ostojowie, Ostojów 16, 26-130 Suchedniów",185,93,1493642,142,153
1428742,"Publiczna Szkoła Podstawowa nr 2 im. Ignacego Jana Paderewskiego w Staszowie, ul. Niepodległości 4, 28-200 Staszów",224,143,1493778,209,360
1428918,"Zespół Szkolno-Przedszkolny w Bisztynku, ul. Kolejowa 5, 11-230 Bisztynek",95,121,1493978,47,63
1429347,"Zespół Szkolno-Przedszkolny, ul. Polna 36, 11-100 Lidzbark Warmiński",227,357,1494433,220,288
1429980,"Szkoła Podstawowa Nr 18, ul. Węgrowska 1, 82-300 Elbląg",261,459,1495110,250,437
1430442,"Szkoła Podstawowa, ul. Parkowa 7, 63-860 Pogorzela",245,258,1495609,154,55
1430589,"Szkoła Podstawowa, ul. Szkolna 1, 62-840 Koźminek",160,134,1495759,112,69
1430599,"Szkoła Podstawowa, ul. Szkolna 1, 62-840 Koźminek",121,103,1495759,112,69
1430888,"Szkoła Podstawowa im. Bohaterów Westerplatte, ul. Kolejowa 3, 64-020 Czempiń",197,293,1496075,113,177
1430888,"Szkoła Podstawowa im. Bohaterów Westerplatte, ul. Kolejowa 3, 64-020 Czempiń",197,293,1496086,158,226
1431156,"Szkoła Podstawowa nr 3 w Obornikach, ul. Czarnkowska 57, 64-600 Oborniki",223,422,1496356,178,341
1431160,"Szkoła Podstawowa nr 4 w Obornikach, ul. Obrzycka 88, 64-600 Oborniki",157,343,1496383,132,165
1431258,"Szkoła Podstawowa, Skalmierzyce ul. Ostrowska 16, 63-460 Nowe Skalmierzyce",339,346,1496465,272,351
1431608,"Zespół Szkół Publicznych Nr 2 w Pleszewie, ul. Ogrodowa 2, 63-300 Pleszew",191,357,1496818,147,209
1431632,"Szkoła Podstawowa nr 2, ul. Jana Kasprowicza 1, 62-040 Puszczykowo",227,558,1496851,207,599
1431699,"Zespół Szkół w Kórniku, ul. Poznańska 2, 62-035 Kórnik",232,337,1496920,227,347
1431706,"Szkoła Podstawowa w Robakowie, ul. Szkolna 3, 62-023 Robakowo",185,500,1496930,108,214
1431718,"Świetlica wiejska w Runowie, Runowo 5, 62-035 Runowo",56,62,1496943,55,112
1431725,"Szkoła Podstawowa, ul. Poznańska 78, 61-160 Czapury",244,784,1496949,121,97
1431866,"Gminne Centrum Kultury i Rekreacji w Jutrosinie, ul. Adama Mickiewicza 2, 63-930 Jutrosin",283,269,1497094,265,87
1431875,"Hala Widowiskowo-Sportowa im. Powstańców Wielkopolskich w Miejskiej Górce, ul. Ignacego Buszy 22, 63-910 Miejska Górka",247,226,1497114,86,42
1431876,"Hala Widowiskowo-Sportowa im. Powstańców Wielkopolskich w Miejskiej Górce, ul. Ignacego Buszy 22, 63-910 Miejska Górka",171,190,1497114,86,42
1431971,"Szkoła Podstawowa im. Michała Okurzałego, pl. Szkolny 1, 62-410 Zagórów",284,213,1497207,176,84
1432184,"Miejsko-Gminny Ośrodek Kultury, ul. Haliny Oleksiak 2, 62-740 Tuliszków",639,195,1497430,78,370
1432558,"Szkoła Podstawowa nr 12, ul. Tadeusza Szeligowskiego 5, 62-510 Konin",272,392,1497818,224,344
1432637,"Szkoła Podstawowa nr 23 im. gen. Józefa Bema, ul. Cypriana Norwida 21, 60-867 Poznań",231,724,1497901,185,680
1432662,"Szkoła Podstawowa i Liceum Ogólnokształcące „EUREKA”, os. Przyjaźni 136, 61-686 Poznań",245,691,1497929,237,649
1432817,"Szkoła Podstawowa nr 48 im. gen. Oswalda Franka, ul. Sarmacka 105, 61-616 Poznań",198,546,1498085,191,636
1432818,"Szkoła Podstawowa nr 48 im. gen. Oswalda Franka, ul. Sarmacka 105, 61-616 Poznań",217,571,1498085,191,636
1433234,"Miejska Biblioteka Publiczna im. Galla Anonima. Filia nr 1 Biblioteka ""Ogrody"", ul. Stanisława Żółkiewskiego 6, 78-100 Kołobrzeg",283,641,1498573,240,572
1433235,"Miejska Biblioteka Publiczna im. Galla Anonima. Filia nr 1 Biblioteka ""Ogrody"", ul. Stanisława Żółkiewskiego 6, 78-100 Kołobrzeg",245,692,1498573,240,572
1433953,"Szkoła Podstawowa Nr 59, ul. Dąbska 105, 70-789 Szczecin",205,415,1499493,160,343
1434030,"Szkoła Podstawowa Nr 56, ul. Jacka Malczewskiego 22, 71-612 Szczecin",163,340,1499403,156,272
1434153,"Niepubliczny Zakład Opieki Zdrowotnej Szpital Powiatowy w Dzierżoniowie Sp. z o. o., ul. Cicha 1, 58-200 Dzierżoniów",9,8,1467522,7,12
1434166,"Wojewódzkie Centrum Szpitalne Kotliny Jeleniogórskiej Jednostka Zamiejscowa „Wysoka Łąka”, ul. Sanatoryjna 27, 58-530 Kowary",25,22,1467721,19,26
1434173,"Dom Pomocy Społecznej w Sosnówce, ul. Liczyrzepy 87, 58-564 Sosnówka",15,4,1467762,13,7
1434175,"Powiatowe Centrum Zdrowia w Kamiennej Górze Sp. z o. o., ul. Bohaterów Getta 10, 58-400 Kamienna Góra",7,6,1467777,2,10
1434195,"Uzdrowisko Świeradów-Czerniawa Sp. z o.o. Grupa PGU Szpital Centrum Rehabilitacji i Reumatologii ""Goplana"", ul. Marszałka Józefa Piłsudskiego 33, 59-850 Świeradów-Zdrój",9,7,1468041,8,5
1434199,"Regionalne Centrum Zdrowia Spółka z o. o., ul. Gen. Józefa Bema 5-6, 59-300 Lubin",37,14,1468120,31,24
1434200,"Dom Pomocy Społecznej ""Ostoja"", ul. Pawia 39, 59-300 Lubin",28,3,1468121,24,7
1434258,"SP ZOZ Sanatorium Uzdrowiskowe MSWiA ""Agat"", ul. Cervi 14, 58-560 Jelenia Góra",68,72,1469303,67,88
1434274,"emeis Polska Sp z o.o. Rezydencja na Dyrekcyjnej, ul. Dyrekcyjna 5-7, 50-528 Wrocław",12,36,1469668,10,44
1434279,"Dom Pomocy Społecznej ""Miłosierny Samarytanin"", ul. ks. Marcina Lutra 2-8, 54-239 Wrocław",10,5,1469673,8,11
1434286,"Szpital Rehabilitacyjny we Wrocławiu (Provita), ul. Bierutowska 63, 51-317 Wrocław",16,12,1469680,9,18
1434292,"Dom Pomocy Społecznej prowadzony przez Zgromadzenie Sióstr Franciszkanek Maryi Nieustającej Pomocy, ul. Grunwaldzka 104, 50-357 Wrocław",28,2,1469685,26,7
1434301,"Samodzielny Publiczny Zakład Opieki Zdrowotnej Sanatorium Uzdrowiskowe Ministerstwa Spraw Wewnętrznych i Administracji ”ORION” w Ciechocinku, ul. Warzelniana 1, 87-720 Ciechocinek",105,120,1469768,85,164
1434340,"Szpital Powiatowy Sp. z o. o., ul. Szewska 23, 87-140 Chełmża",10,5,1470855,9,12
1434344,"Szpital Tucholski sp. z o.o., ul. Nowodworskiego 14-18, 89-500 Tuchola",10,4,1470997,8,17
1434346,"Nowy Szpital Sp. z o. o., ul. Wolności 27, 87-200 Wąbrzeźno",7,3,1471009,2,11
1434387,"Dom Pomocy Społecznej, ul. Dobrzyńska 102, 87-800 Włocławek",9,5,1471686,7,14
1434425,"Świetlica szpitalna, ul. Szpitalna 9, 24-300 Opole Lubelskie",9,12,1472861,2,0
1434427,"Samodzielne Publiczne Sanatorium Gruźlicy i Chorób Płuc w Poniatowej, ul. Fabryczna 6, 24-320 Poniatowa",18,0,1472874,15,4
1434434,"Sanatorium Uzdrowiskowe ""Ciche Wąwozy"", ul. Bartosza Głowackiego 12, 24-150 Nałęczów",53,37,1473009,48,44
1434440,"6 Szpital Wojskowy z Przychodnią SPZOZ, ul. Szpitalna 2, 08-530 Dęblin",8,3,1473132,7,2
1434441,"Szpital Powiatowy w Rykach Sp. z o. o., ul. Żytnia 23, 08-500 Ryki",12,1,1473180,8,1
1434490,"Dom Pomocy Społecznej w Kamieniu Wielkim, Kamień Wielki ul. Stawna 40, 66-460 Witnica",7,8,1473963,5,11
1434498,"Niepubliczny Zakład Opieki Zdrowotnej ""Szpital Powiatowy"" w Słubicach, ul. Nadodrzańska 6, 69-100 Słubice",9,21,1474196,8,30
1434506,"""Nowy Szpital"" w Świebodzinie Sp. z o. o., ul. Młyńska 6, 66-200 Świebodzin",6,4,1474349,5,7
1434516,"Nowy Szpital we Wschowie, ul. ks. Kostki 33, 67-400 Wschowa",12,8,1474641,6,8
1434552,"Hol główny Centrum, ul. Poddębina 9a, 95-080 Tuszyn",7,23,1475246,5,31
1434572,"NZOZ ""MOŻ-MED. "" Sp. j. Możdżan w Poddębicach, ul. Miła 27, 99-200 Poddębice",19,18,1475583,18,23
1434579,"SP-ZOZ Szpital im. Św. Ducha w Rawie Mazowieckiej, ul. Warszawska 14, 96-200 Rawa Mazowiecka",9,0,1475725,4,3
1434586,"Dom Pomocy Społecznej Caritas Diecezji Kaliskiej im. Św. Józefa, ul. Klonowa 2, 98-270 Złoczew",7,2,1475855,6,5
1434603,"Grupa Zdrowie Sp. z o.o. Hospicjum Stacjonarne w Głownie, ul. Wojska Polskiego 32/34, 95-015 Głowno",2,1,1476177,1,0
1434606,"Centrum Medyczne Boruta Sp. z o. o. w Zgierzu, ul. Andrzeja Struga 2-4, 95-100 Zgierz",6,4,1476231,1,6
1434610,"Zgierskie Centrum Kardiologii Med-Pro Polsko-Amerykańskich Klinik Serca, ul. Parzęczewska 35, 95-100 Zgierz",4,3,1476235,3,3
1434635,"Zakład Pielęgnacyjno-Opiekuńczy Fundacji Ambrozja, ul. Stanisława Dubois 117, 93-465 Łódź",2,16,1476650,1,19
1434682,"Dom Pomocy Społecznej, Wapienne 70, 38-307 Wapienne",9,2,1477145,6,5
1434705,"Dom Pomocy Społecznej ""Biały Potok"" w Trzemeśni, Trzemeśnia 377, 32-425 Trzemeśnia",30,5,1477675,21,14
1434710,"Dom Pomocy Społecznej, Klęczany 169, 33-394 Klęczany",34,1,1477758,33,2
1434733,"Powiatowe Zakłady Opiekuńczo-Lecznicze w Grojcu, ul. Aleja Ogrodowa 1, 32-615 Grojec",7,2,1478270,6,7
1434752,"Wojewódzki Szpital Rehabilitacyjny im. dr. Stefana Jasińskiego, ul. Ciągłówka 9, 34-500 Zakopane",86,44,1478652,83,71
1434756,"Dom Pomocy Społecznej Zakonu Bonifratrów w Zebrzydowicach, Zebrzydowice 1, 34-130 Kalwaria Zebrzydowska",22,2,1478736,17,11
1434834,"Zakład Opiekuńczo-Leczniczy dla Dorosłych Zgromadzenia Sióstr Franciszkanek Rodziny Maryi w Skrzeszewach, Skrzeszewy 26, 09-541 Pacyna",24,4,1479789,23,5
1434837,"DPS Filia w Grodzisku Mazowieckim, ul. 3 Maja 63, 05-825 Grodzisk Mazowiecki",8,1,1479849,6,4
1434841,"Samodzielny Publiczny Zakład Opieki Zdrowotnej w Nowym Mieście nad Pilicą, ul. Tomaszowska 43, 26-420 Nowe Miasto nad Pilicą",13,2,1479933,12,1
1434845,"Samodzielny Publiczny Zespół Zakładów Opieki Zdrowotnej w Kozienicach, ul. Al. Władysława Sikorskiego 10, 26-900 Kozienice",33,9,1480011,32,20
1434847,"Wojskowy Instytut Medyczny Państwowy Instytut Badawczy, ul. Zegrzyńska 8, 05-119 Legionowo",14,15,1480051,5,11
1434854,"SP ZOZ w Mińsku Mazowieckim, ul. Szpitalna 37, 05-300 Mińsk Mazowiecki",19,2,1480268,18,8
1434867,"Dom Pomocy Społecznej ""Dom z Sercem"" w Komorowie, ul. Kościelna 2, 07-310 Komorowo",8,3,1480682,7,6
1434943,"Zakład Pielęgnacyjno-Opiekuńczy w Wycześniaku, Wycześniak 22, 96-330 Puszcza Mariańska",11,7,1482402,10,13
1434986,"Dom Pomocy Społecznej ""Chemik"", ul. Władysława Korotyńskiego 10, 02-121 Warszawa",34,19,1482999,30,32
1435008,"Międzyleski Szpital Specjalistyczny w Warszawie, ul. Bursztynowa 2, 04-749 Warszawa",54,41,1483375,52,64
1435011,"Dom Pomocy Społecznej, ul. Jana Kilińskiego 10/12, 05-075 Warszawa",14,7,1483392,10,16
1435012,"Szpital Medicover, al. Aleja Rzeczypospolitej 5, 02-972 Warszawa",19,28,1483414,14,20
1435014,"Dom Pomocy Pracownika Służby Zdrowia, ul. Elekcyjna 37, 01-119 Warszawa",25,11,1483500,22,16
1435332,"Dom Opieki ""Spokojna Przystań II"" w Baborowie, ul. Powstańców 3, 48-120 Baborów",6,10,1484156,4,17
1435348,"Szpital Wielospecjalistyczny w Kędzierzynie-Koźlu, ul. Doktora Judyma 4, 47-220 Kędzierzyn-Koźle",8,9,1484243,6,11
1435356,"Krapkowickie Centrum Zdrowia Sp. z o. o., os. Osiedle XXX Lecia 21, 47-303 Krapkowice",2,7,1484382,1,15
1435385,"Dom Św. Jana Bożego, ul. Piastowska 6, 48-200 Prudnik",3,1,1484901,1,5
1435425,"Samorządowy Dom Pomocy Społecznej w Jedliczu, ul. Gen. Tadeusza Kościuszki 5, 38-460 Jedlicze",9,1,1485647,7,3
1435435,"Dom Pomocy Społecznej dla Osób Przewlekle Psychicznie Chorych w Krowicy Lasowej, Krowica Lasowa 86, 37-625 Krowica Sama",13,1,1485798,12,5
1435461,"SP ZOZ Całodobowy Oddział Rehabilitacji, ul. Eugeniusza Kwiatkowskiego 2, 37-450 Stalowa Wola",13,4,1486598,12,8
1435483,"Niepubliczny Zakład Opiekuńczo-Leczniczy i Opieki Paliatywnej ""Santa Rita"" w Przemyślu, ul. Stefana Rogozińskiego 30, 37-700 Przemyśl",21,7,1486869,20,12
1435498,"Samodzielny Publiczny Zakład Opieki Zdrowotnej w Augustowie, ul. Szpitalna 12, 16-300 Augustów",17,6,1487027,16,7
1435508,"Samodzielny Publiczny Zakład Opieki Zdrowotnej w Bielsku Podlaskim (szpital), ul. Kleszczelowska 1, 17-100 Bielsk Podlaski",23,20,1487224,22,25
1435542,"Samodzielny Szpital Miejski im. PCK, ul. Sienkiewicza 79, 15-003 Białystok",19,10,1488006,16,15
1435571,"„Zdrowie” Sp. z o. o. Niepubliczny Zakład Opieki Zdrowotnej w Kwidzynie, ul. gen. Józefa Hallera 31, 82-500 Kwidzyn",5,5,1488632,4,9
1435617,"SP ZOZ Ministerstwa Spraw Wewnętrznych i Administracji w Gdańsku, Gdańsk ul. Kartuska 4/6, 80-104 Gdańsk 18",10,11,1489612,5,13
1435645,"Szpital Chorób Płuc w Siewierzu Sp. z o. o., ul. Zbigniewa Oleśnickiego 21, 42-470 Siewierz",9,12,1489912,7,5
1435667,"Dom Pomocy Społecznej, ul. Szczekocińska 19, 42-235 Lelów",25,6,1490214,24,18
1435675,"Szpital Rejonowy im. dr. Anki w Krzepicach, ul. Szkolna 1, 42-160 Krzepice",4,2,1490396,3,2
1435679,"Samodzielny Publiczny Zespół Opieki Zdrowotnej, ul. Grunwaldzka 9, 42-700 Lubliniec",2,0,1490461,1,3
1435690,"Szpital Powiatowy w Myszkowie, ul. Aleja Wolności 29, 42-300 Myszków",34,16,1490604,25,26
1435710,"Szpital Powiatowy w Wodzisławiu Śląskim, ul. Plebiscytowa 47, 44-280 Rydułtowy",14,12,1491024,13,14
1435753,"Dom Opieki HONORATA. Zakład Opiekuńczo-Leczniczy, ul. Główna 31, 41-500 Chorzów",7,28,1491547,6,31
1435766,"Szpital Miejski Nr 4 w Gliwicach Sp. z o. o., ul. Zygmunta Starego 20, 44-100 Gliwice",13,17,1491858,8,18
1435788,"Zakład Opieki Zdrowotnej, ul. Wita Stwosza 39-41, 40-042 Katowice",19,24,1492107,16,32
1435823,"Szpital Miejski sp. z o.o., ul. 1 Maja 9, 41-100 Siemianowice Śląskie",14,31,1492386,13,33
1435845,"Dom Pomocy Społecznej prowadzony przez Zakon Kamilianów, ul. Cisowa 6, 41-800 Zabrze",23,9,1492670,20,14
1435849,"Samodzielny Publiczny Szpital Kliniczny Nr 1 im. prof. Stanisława Szyszko Śląskiego Uniwersytetu Medycznego w Katowicach, ul. ks. Karola Koziołka 1, 41-803 Zabrze",11,9,1492674,6,16
1435855,"Zespół Opieki Zdrowotnej w Busku-Zdroju, ul. Bohaterów Warszawy 67, 28-100 Busko-Zdrój",45,15,1492734,44,15
1435858,"21 Wojskowy Szpital Uzdrowiskowo-Rehabilitacyjny SP ZOZ w Busku-Zdroju, ul. Feliksa Rzewuskiego 8, 28-100 Busko-Zdrój",129,172,1492737,111,148
1435891,"Dom Pomocy Społecznej, ul. Grabowiecka 7, 27-400 Ostrowiec Świętokrzyski",47,37,1493387,42,78
1435905,"Dom Pomocy Społecznej ""RELAX"", ul. Wójtowska 62, 27-230 Brody",24,3,1493685,19,8
1435940,"Dom Pomocy Społecznej ""Misericordia"" w Ełku, ul. ks. prał. Mariana Szczęsnego 5, 19-300 Ełk",21,16,1494205,20,21
1435956,"Szpital Mrągowski im. Michała Kajki Sp. z o. o., ul. Wolności 3, 11-700 Mrągowo",16,8,1494485,12,18
1435973,"Oddział Zewnętrzny w Kikitach Zakładu Karnego w Barczewie, Kikity 21, 11-311 Kolno",3,22,1494755,2,38
1435982,"Zespół Opieki Zdrowotnej w Szczytnie, ul. Marii Curie-Skłodowskiej 12, 12-100 Szczytno",12,4,1494985,7,16
1436001,"Warmińsko-Mazurskie Centrum Chorób Płuc w Olsztynie, ul. Jagiellońska 78, 10-357 Olsztyn",28,23,1495261,25,36
1436019,"Szpital Pomnik Chrztu Polski, ul. 3 Maja 37 - 39, 62-200 Gniezno",21,20,1495439,20,31
1436022,"Samodzielny Publiczny Zespół Opieki Zdrowotnej Szpital w Gostyniu, pl. Karola Marcinkowskiego 8/9, 63-800 Gostyń",13,3,1495566,9,12
1436035,"Dom Seniora ""Zielony Piątek"", Piątek Wielki 58, 62-820 Stawiszyn",1,2,1495799,0,4
1436042,"Dom Pomocy Społecznej w Ślesinie, ul. Kościelna 46, 62-561 Ślesin",3,0,1496043,2,2
1436047,"Samodzielny Publiczny Zakład Opieki Zdrowotnej w Krotoszynie, Szpital w Koźminie Wielkopolskim, ul. Czesława Stęszewskiego 9-10, 63-720 Koźmin Wielkopolski",22,7,1496163,18,13
1436049,"Samodzielny Publiczny Zakład Opieki Zdrowotnej w Krotoszynie, Szpital Powiatowy im. Marcelego Nenckiego, ul. Mickiewicza 21, 63-700 Krotoszyn",15,8,1496198,9,8
1436066,"Dom Pomocy Społecznej w Kobylej Górze, ul. Tomasza Sikorskiego 1, 63-507 Kobyla Góra",6,3,1496601,3,5
1436104,"Dom Opieki Nasz Dom, Jabłkowo 19, 62-285 Popowo Kościelne",10,0,1497508,9,2
1436115,"NZOZ SALUS Sp. z o. o. Zakład Pielęgnacyjno-Opiekuńczy, ul. Zagorzynek 34, 62-800 Kalisz",4,1,1497780,3,1
1436117,"Apartamenty Szczęśliwy Senior, ul. Częstochowska 71-75, 62-800 Kalisz",4,18,1497782,3,37
1436137,"Dom Pomocy Społecznej w Poznaniu, ul. Stanisława Konarskiego 11/13, 61-114 Poznań",13,14,1498106,12,23
1436157,"Dom Pomocy Społecznej im. Bpa Stanisława Stefanka, Kolsk 30A, 73-240 Bierzwnik",7,6,1498163,6,12
1436171,"Dom Pomocy Społecznej, ul. Kościuszki 71, 72-300 Gryfice",18,6,1498386,13,18
1436175,"Dom Pomocy Społecznej w Dębcach, Dębce 11, 74-100 Gryfino",11,6,1498469,9,16
1436177,"Szpital Powiatowy w Gryfinie Sp. z o.o. Zakład Opiekuńczo-Leczniczy w Gryfinie, ul. Armii Krajowej 8, 74-100 Gryfino",2,1,1498471,1,4
1436180,"Dom Pomocy Społecznej, ul. Rynkowa 27, 74-503 Moryń",36,0,1498485,32,3
1436193,"Dom Pomocy Społecznej w Cetuniu, Cetuń 6, 76-010 Polanów",20,3,1498670,12,10
1436203,"Dom Pomocy Społecznej w Dolicach, ul. Wiśniowa 12, 73-115 Dolice",12,7,1499004,11,15
1436209,"Przyjazny Szpital w Połczynie-Zdroju, ul. Szpitalna 5, 78-320 Połczyn-Zdrój",9,12,1499143,6,7
1436223,"S. P. Wojewódzki Szpital Zespolony, ul. Alfreda Sokołowskiego 11, 70-899 Szczecin",49,55,1499496,43,72
1436226,"S. P. Zakład Opieki Zdrowotnej MSWiA, ul. Jagiellońska 44, 70-382 Szczecin",6,7,1499499,4,14
